ru	ПРОФЕССИОНАЛЬНЫЙ ЛИЦЕЙ №44
ru	ПРОФЕССИОНАЛЬНЫЙ ЛИЦЕЙ №41 имени К. ОСМОНБЕКОВА
ru	ПРОФЕССИОНАЛЬНЫЙ ЛИЦЕЙ №42
ru	ОУ СПО "ИССЫК-КУЛЬСКИЙ МЕДИКО-СТОМАТОЛОГИЧЕСКИЙ КОЛЛЕДЖ"
ru	КЫРГЫЗСКИЙ НАЦИОНАЛЬНЫЙ УНИВЕРСИТЕТ КУЛЬТУРЫ И ИСКУССТВ ИМ.Б.БЕЙШЕНАЛИЕВОЙ
ru	ВОЕННЫЙ ИНСТИТУТ ВООРУЖЕННЫХ СИЛ КЫРГЫЗСКОЙ РЕСПУБЛИКИ имени ГЕРОЯ СОВЕТСКОГО СОЮЗА ГЕНЕРАЛ-ЛЕЙТЕНАНТА К.УСЕНБЕКОВА
ru	АМЕРИКАНСКИЙ УНИВЕРСИТЕТ В ЦЕНТРАЛЬНОЙ АЗИИ
ru	ИНСТИТУТ ИННОВАЦИОННЫХ ТЕХНОЛОГИЙ ЕВРАЗИИ
ru	НАЦИОНАЛЬНАЯ АКАДЕМИЯ ХУДОЖЕСТВ КЫРГЫЗСКОЙ РЕСПУБЛИКИ ИМ. Т. САДЫКОВА
ru	КЫРГЫЗСКАЯ ГОСУДАРСТВЕННАЯ МЕДИЦИНСКАЯ АКАДЕМИЯ имени И.К. АХУНБАЕВА
ru	ДИПЛОМАТИЧЕСКАЯ АКАДЕМИЯ ИМ. К. ДИКАМБАЕВА МИНИСТЕРСТВА ИНОСТРАННЫХ ДЕЛ КЫРГЫЗСКОЙ РЕСПУБЛИКИ
ru	АКАДЕМИЯ МВД КЫРГЫЗСКОЙ РЕСПУБЛИКИ имени ГЕНЕРАЛ-МАЙОРА МИЛИЦИИ АЛИЕВА Э.А.
ru	КЫРГЫЗСКО-ТУРЕЦКИЙ ЖЕНСКИЙ ПРОФЕССИОНАЛЬНЫЙ ЛИЦЕЙ АНАДОЛУ
ru	МЕЖДУНАРОДНЫЙ УНИВЕРСИТЕТ МЕДИЦИНЫ И НАУКИ (МУМН)
ru	КЫРГЫЗСКИЙ МЕДИКО-СТОМАТОЛОГИЧЕСКИЙ ИНСТИТУТ (КМСИ)
ru	КЫРГЫЗСКИЙ ГОСУДАРСТВЕННЫЙ ТЕХНИЧЕСКИЙ УНИВЕРСИТЕТ имени И.РАЗЗАКОВА
ru	ПРОФЕССИОНАЛЬНЫЙ ЛИЦЕЙ №48
ru	КЫРГЫЗСКИЙ ГОСУДАРСТВЕННЫЙ УНИВЕРСИТЕТ имени И. АРАБАЕВА
ru	КЫРГЫЗСКАЯ ГОСУДАРСТВЕННАЯ АКАДЕМИЯ ФИЗИЧЕСКОЙ КУЛЬТУРЫ И СПОРТА имени Б.Т.ТУРУСБЕКОВА
ru	КЫРГЫЗСКО-РОССИЙСКИЙ ПРОФЕССИОНАЛЬНЫЙ ЛИЦЕЙ №28
ru	АКАДЕМИЯ ТУРИЗМА
ru	ОШСКИЙ МЕЖДУНАРОДНЫЙ МЕДИЦИНСКИЙ УНИВЕРСИТЕТ (ОММУ)
ru	Учреждение "Исламская академия"
ru	КЫРГЫЗСКАЯ НАЦИОНАЛЬНАЯ КОНСЕРВАТОРИЯ имени КАЛЫЯ МОЛДОБАСАНОВА
ru	КЫРГЫЗСКИЙ НАЦИОНАЛЬНЫЙ УНИВЕРСИТЕТ имени ЖУСУПА БАЛАСАГЫНА
ru	КЫРГЫЗСКО-ТУРЕЦКИЙ УНИВЕРСИТЕТ "МАНАС"
ru	Учреждение "МЕЖДУНАРОДНЫЙ УНИВЕРСИТЕТ КЫРГЫЗСКОЙ РЕСПУБЛИКИ"
ru	НАУЧНО-ИССЛЕДОВАТЕЛЬСКИЙ УНИВЕРСИТЕТ "КЫРГЫЗСКИЙ ЭКОНОМИЧЕСКИЙ УНИВЕРСИТЕТ имени МУСЫ РЫСКУЛБЕКОВА"
ru	ЖАЛАЛ-АБАДСКИЙ ГОСУДАРСТВЕННЫЙ УНИВЕРСИТЕТ имени Б. ОСМОНОВА
ru	УЧРЕЖДЕНИЕ "АКАДЕМИЯ ЦИФРОВЫХ ИННОВАЦИИ"
ru	МЕЖДУНАРОДНЫЙ УНИВЕРСИТЕТ "АЛА-ТОО"
ru	МЕЖДУНАРОДНЫЙ УНИВЕРСИТЕТ ИННОВАЦИОННЫХ ТЕХНОЛОГИЙ
ru	ВПОУ "МЕЖДУНАРОДНЫЙ УНИВЕРСИТЕТ НАУКИ И БИЗНЕСА"
ru	КЫРГЫЗСКО-УЗБЕКСКИЙ МЕЖДУНАРОДНЫЙ УНИВЕРСИТЕТ имени БАТЫРАЛЫ СЫДЫКОВА
ru	ПРОФЕССИОНАЛЬНЫЙ ЛИЦЕЙ №58
ru	ЧУЙСКИЙ УНИВЕРСИТЕТ ИМ. С. МАМБЕТКАЛИЕВА
ru	ИССЫК-КУЛЬСКИЙ ГОСУДАРСТВЕННЫЙ УНИВЕРСИТЕТ имени КАСЫМА ТЫНЫСТАНОВА
ru	ОШСКИЙ ГОСУДАРСТВЕННЫЙ ПЕДАГОГИЧЕСКИЙ УНИВЕРСИТЕТ имени А.Ж. МЫРСАБЕКОВА
ru	НАРЫНСКИЙ ГОСУДАРСТВЕННЫЙ УНИВЕРСИТЕТ имени С.НААМАТОВА
ru	УНИВЕРСИТЕТ ЦЕНТРАЛЬНОЙ АЗИИ
ru	КЫРГЫЗСКО-РОССИЙСКАЯ АКАДЕМИЯ ОБРАЗОВАНИЯ (Институт)
ru	ПРОФЕССИОНАЛЬНЫЙ ЛИЦЕЙ №62 имени КУЛНАЗАРА ТАШИЕВА
ru	УЧРЕЖДЕНИЕ "ОШСКИЙ АГРАРНО-ЭКОНОМИЧЕСКИЙ ИНСТИТУТ"
ru	ОШСКИЙ ГОСУДАРСТВЕННЫЙ УНИВЕРСИТЕТ
ru	БАТКЕНСКИЙ ГОСУДАРСТВЕННЫЙ УНИВЕРСИТЕТ
ru	ТАЛАССКИЙ ГОСУДАРСТВЕННЫЙ УНИВЕРСИТЕТ
ru	ИСЛАМСКИЙ УНИВЕРСИТЕТ КЫРГЫЗСТАНА
ru	КЫРГЫЗСКИЙ АВИАЦИОННЫЙ ИНСТИТУТ имени ИШЕМБАЯ АБДРАИМОВА
ru	МЕЖДУНАРОДНЫЙ УНИВЕРСИТЕТ В ЦЕНТРАЛЬНОЙ АЗИИ
ru	ИНСТИТУТ ЭКОНОМИКИ И ФИНАНСОВ
ru	ОБРАЗОВАТЕЛЬНОЕ УЧРЕЖДЕНИЕ "КЕЙИН ИНТЕРНЕЙШНЛ ИНСТИТУТ"
ru	НОУ "КОРЕЙСКИЙ ИНСТИТУТ В ЦЕНТРАЛЬНОЙ АЗИИ"
ru	КЫРГЫЗСКО-ГЕРМАНСКИЙ ИНСТИТУТ ПРИКЛАДНОЙ ИНФОРМАТИКИ
ru	ПРОФЕССИОНАЛЬНЫЙ ЛИЦЕЙ №7
ru	ПРОФЕССИОНАЛЬНЫЙ ЛИЦЕЙ №72
ru	КЫРГЫЗСКИЙ ИНСТИТУТ ЯЗЫКОВ И КУЛЬТУРЫ
ru	МЕЖДУНАРОДНЫЙ КУВЕЙТСКИЙ УНИВЕРСИТЕТ
ru	КЫРГЫЗСКО-КАЗАХСКИЙ УНИВЕРСИТЕТ
ru	МЕЖДУНАРОДНЫЙ МЕДИЦИНСКИЙ УНИВЕРСИТЕТ
ru	МЕЖДУНАРОДНЫЙ УНИВЕРСИТЕТ имени К.Ш. ТОКТОМАМАТОВА
ru	ИНСТИТУТ ИННОВАЦИОННЫХ ТЕХНОЛОГИЙ И ЭНЕРГЕТИКИ
ru	Образовательное учреждение высшего профессионального образования Международный медицинский университет "Авиценна"
ru	САЛЫМБЕКОВ УНИВЕРСИТЕТ
ru	УНИВЕРСИТЕТ АДАМ
ru	АКАДЕМИЯ ИННОВАЦИИ ИМ. Ш. МУСАКОЖОЕВА
ru	МЕДИЦИНСКИЙ КОЛЛЕДЖ ИНСТИТУТА СОВРЕМЕННЫХ ИНФОРМАЦИОННЫХ ТЕХНОЛОГИЙ В ОБРАЗОВАНИИ (ИСИТО)
ru	ПРОФЕССИОНАЛЬНЫЙ ЛИЦЕЙ №16
ru	ПРОФЕССИОНАЛЬНЫЙ ЛИЦЕЙ №18
ru	ОТДЕЛЕНИЕ СРЕДНЕГО ПРОФЕССИОНАЛЬНОГО ОБРАЗОВАНИЯ ГУМАНИТАРНО-ЕСТЕСТВЕННО НАУЧНЫЙ ФАКУЛЬТЕТ КНУ ИМ. Ж.БАЛАСАГЫНА Г. НАРЫН
ru	АЗИАТСКИЙ МЕДИЦИНСКИЙ ИНСТИТУТ имени С. ТЕНТИШЕВА
ru	АКАДЕМИЯ ТРУДА И СОЦИАЛЬНЫХ ОТНОШЕНИЙ
ru	ТАЛАССКИЙ АГРАРНО-ЭКОНОМИЧЕСКИЙ КОЛЛЕДЖ
ru	КЫРГЫЗСКО-УЗБЕКСКИЙ МЕЖДУНАРОДНЫЙ ПЕДАГОГИЧЕСКИЙ ИНСТИТУТ
ru	ПРОФЕССИОНАЛЬНЫЙ ЛИЦЕЙ №102
ru	ПРОФЕССИОНАЛЬНЫЙ ЛИЦЕЙ №105
ru	СОВРЕМЕННЫЙ МЕЖДУНАРОДНЫЙ УНИВЕРСИТЕТ
ru	ПРОФЕССИОНАЛЬНЫЙ ЛИЦЕЙ №110
ru	ЕВРАЗИЙСКИЙ МЕЖДУНАРОДНЫЙ УНИВЕРСИТЕТ
ru	ПРОФЕССИОНАЛЬНЫЙ ЛИЦЕЙ №111
ru	ОБЩЕСТВЕННЫЙ ФОНД "АКАДЕМИЯ ОБСЕ В БИШКЕКЕ"
ru	БИШКЕКСКИЙ МЕЖДУНАРОДНЫЙ МЕДИЦИНСКИЙ ИНСТИТУТ
ru	МЕЖДУНАРОДНЫЙ МЕТА-НАУЧНЫЙ УНИВЕРСИТЕТ
ru	ПРОФЕССИОНАЛЬНЫЙ ЛИЦЕЙ №112
ru	ИНСТИТУТ ИННОВАЦИОННЫХ ПРОФЕССИЙ
ru	ПРОФЕССИОНАЛЬНЫЙ ЛИЦЕЙ №115
ru	ОБРАЗОВАТЕЛЬНОЕ УЧРЕЖДЕНИЕ МЕЖДУНАРОДНЫЙ УНИВЕРСИТЕТ "АВИЦЕННА БИЛИМ"
ru	КЫРГЫЗСКИЙ МЕЖДУНАРОДНЫЙ УНИВЕРСИТЕТ НРЗ
ru	ПРОФЕССИОНАЛЬНЫЙ ЛИЦЕЙ №13 имени Ч.ТУЛОБЕРДИЕВА
ru	МЕЖДУНАРОДНАЯ АКАДЕМИЯ УПРАВЛЕНИЯ, ПРАВА, ФИНАНСОВ И БИЗНЕСА
ru	ПРОФЕССИОНАЛЬНЫЙ ЛИЦЕЙ №14 имени К. ДЮШЕЕВА
ru	ПРОФЕССИОНАЛЬНЫЙ ЛИЦЕЙ №15 имени Ж. ТОЙГОМБАЕВА
ru	Учреждение "Жалал-Абадский международный университет"
ru	ТАЛАССКИЙ МЕДИЦИНСКИЙ КОЛЛЕДЖ
ru	ПРОФЕССИОНАЛЬНЫЙ ЛИЦЕЙ №19
ru	ПРОФЕССИОНАЛЬНЫЙ ЛИЦЕЙ №69
ru	ПРОФЕССИОНАЛЬНЫЙ ЛИЦЕЙ №100
ru	БИШКЕКСКИЙ ГОСУДАРСТВЕННЫЙ УНИВЕРСИТЕТ имени АКАДЕМИКА КУСЕИНА КАРАСАЕВА
ru	БИШКЕКСКИЙ ТЕХНИЧЕСКИЙ КОЛЛЕДЖ КЫРГЫЗСКОГО ГОСУДАРСТВЕННОГО ТЕХНИЧЕСКОГО УНИВЕРСИТЕТА имени И.РАЗЗАКОВА
ru	БИШКЕКСКИЙ АГРО-ЭКОНОМИЧЕСКИЙ КОЛЛЕДЖ ИМ. С.ТУРСУНОВА
ru	ПРОФЕССИОНАЛЬНЫЙ ЛИЦЕЙ №20
ru	БИШКЕКСКИЙ КОЛЛЕДЖ ПРИ ЧУЙСКОМ УНИВЕРСИТЕТЕ
ru	БИШКЕКСКИЙ МЕДИЦИНСКИЙ КОЛЛЕДЖ им.А.МОЛДОГАЗИЕВА
ru	БИШКЕКСКИЙ МУЗЫКАЛЬНО-ПЕДАГОГИЧЕСКИЙ ИНСТИТУТ имени ТАШТАНА ЭРМАТОВА
ru	КОЛЛЕДЖ АКАДЕМИИ ТУРИЗМА
ru	БИШКЕКСКИЙ ГОСУДАРСТВЕННЫЙ УНИВЕРСИТЕТ имени АКАДЕМИКА КУСЕИНА КАРАСАЕВА
ru	ПРОФЕССИОНАЛЬНЫЙ КОЛЛЕДЖ КНУ имени Ж.БАЛАСАГЫНА
ru	ПРОФЕССИОНАЛЬНЫЙ ЛИЦЕЙ №21 имени А.Д. БАЛТАГУЛОВОЙ
ru	КЫРГЫЗСКИЙ ГОРНО-ЭНЕРГОТЕХНОЛОГИЧЕСКИЙ КОЛЛЕДЖ
ru	Кыргызское национальное музыкальное училище имени Муратаалы Куренкеева
ru	ПОЛИТЕХНИЧЕСКИЙ КОЛЛЕДЖ КГТУ ИМ. И. РАЗЗАКОВА
ru	ПРОФЕССИОНАЛЬНЫЙ ЛИЦЕЙ №22 имени ТАШТАНБЕКА ИБРАЕВА
ru	Политехнический колледж Международного университета Кыргызской Республики
ru	ПРОФЕССИОНАЛЬНЫЙ ЛИЦЕЙ №23
ru	КОЛЛЕДЖ СОВРЕМЕННОГО МЕЖДУНАРОДНОГО УНИВЕРСИТЕТА
ru	БИШКЕКСКИЙ АВТОМОБИЛЬНО-ДОРОЖНЫЙ КОЛЛЕДЖ имени К.КОЛЬБАЕВА
ru	БИШКЕКСКИЙ КОЛЛЕДЖ АРХИТЕКТУРЫ И МЕНЕДЖМЕНТА В СТРОИТЕЛЬСТВЕ
ru	НАУЧНО-ИССЛЕДОВАТЕЛЬСКИЙ УНИВЕРСИТЕТ "КЫРГЫЗСКИЙ ЭКОНОМИЧЕСКИЙ УНИВЕРСИТЕТ имени МУСЫ РЫСКУЛБЕКОВА
ru	НЕКОММЕРЧЕСКОЕ ОБРАЗОВАТЕЛЬНОЕ УЧРЕЖДЕНИЕ УЧЕБНО-НАУЧНО-ПРОИЗВОДСТВЕННЫЙ КОМПЛЕКС" МЕЖДУНАРОДНЫЙ УНИВЕРСИТЕТ КЫРГЫЗСТАНА"
ru	КОЛЛЕДЖ ПРИ КЫРГЫЗСКО-КАЗАХСКОМ УНИВЕРСИТЕТЕ
ru	ПРОФЕССИОНАЛЬНЫЙ ЛИЦЕЙ №27
ru	ПРОФЕССИОНАЛЬНЫЙ ЛИЦЕЙ №29
ru	СОЦИАЛЬНО-ЭКОНОМИЧЕСКИЙ КОЛЛЕДЖ АКАДЕМИИ БИЗНЕСА И СОЦИАЛЬНОГО РАЗВИТИЯ
ru	СПО (КОЛЛЕДЖ) КГТУ ИМ. И. РАЗЗАКОВА, КАМПУС Н.ИСАНОВА
ru	ПРОФЕССИОНАЛЬНЫЙ ЛИЦЕЙ №31
ru	ТЕАТРАЛЬНОЕ УЧИЛИЩЕ ПРИ КНАДТ имени Т. АБДУМОМУНОВА
ru	ЮРИДИЧЕСКИЙ И ПРОФЕССИОНАЛЬНЫЙ КОЛЛЕДЖ КНУ
ru	КОЛЛЕДЖ КЫРГЫЗСКО-РОССИЙСКОЙ АКАДЕМИИ ОБРАЗОВАНИЯ (ИНСТИТУТА)
ru	АЗИАТСКИЙ ИННОВАЦИОННЫЙ КОЛЛЕДЖ
ru	БИШКЕКСКИЙ ГОРНЫЙ И ТЕХНИЧЕСКИЙ КОЛЛЕДЖ
ru	БИШКЕКСКИЙ ГОРНЫЙ МНОГОПРОФИЛЬНЫЙ КОЛЛЕДЖ
ru	БИШКЕКСКИЙ КОЛЛЕДЖ КОМПЬЮТЕРНЫХ СИСТЕМ И ТЕХНОЛОГИЙ КОМТЕХНО
ru	БИШКЕКСКИЙ УНИВЕРСАЛЬНЫЙ КОЛЛЕДЖ
ru	ИНСТИТУТ ИННОВАЦИОННЫХ ПРОФЕССИЙ СПО (КОЛЛЕДЖ)
ru	КОЛЛЕДЖ ИННОВАЦИОННЫХ ТЕХНОЛОГИЙ И ЭКОНОМИКИ МУИТ
ru	ПРОФЕССИОНАЛЬНЫЙ ЛИЦЕЙ №25
ru	ПРОФЕССИОНАЛЬНЫЙ ЛИЦЕЙ №33
ru	КОЛЛЕДЖ ТЕЛЕКОММУНИКАЦИЙ, ЭКОНОМИКИ И ИННОВАЦИОННЫХ ПРОФЕССИЙ
ru	ОСПО ПО ВЕТЕРИНАРИИ КНАУ ИМ. К.И. СКРЯБИНА
ru	МЕДИКО-ФАРМАЦЕВТИЧЕСКИЙ КОЛЛЕДЖ
ru	Образовательное учреждение "КЫРГЫЗСКО-КОРЕЙСКИЙ КОЛЛЕДЖ"
ru	ОСПО ОБРАЗОВАТЕЛЬНОЕ УЧРЕЖДЕНИЕ МЕЖДУНАРОДНЫЙ УНИВЕРСИТЕТ «АВИЦЕННА БИЛИМ»
ru	КЫРГЫЗСКИЙ МЕЖДУНАРОДНЫЙ УНИВЕРСАЛЬНЫЙ КОЛЛЕДЖ
ru	КАРА-БАЛТИНСКИЙ МЕДИЦИНСКИЙ КОЛЛЕДЖ
ru	КАРА-БАЛТИНСКИЙ ТЕХНИКО-ЭКОНОМИЧЕСКИЙ КОЛЛЕДЖ имени М.Т. ИБРАГИМОВА
ru	ПРОФЕССИОНАЛЬНЫЙ ЛИЦЕЙ №34
ru	РЕСПУБЛИКАНСКИЙ КОЛЛЕДЖ КУЛЬТУРЫ И ИСКУССТВА ИМ. Н. ДАВЛЕСОВА
ru	ТОКМОКСКИЙ ИНДУСТРИАЛЬНО-ПЕДАГОГИЧЕСКИЙ КОЛЛЕДЖ ИМЕНИ УСЕНБЕКА УСУБАЛИЕВА
ru	Инженерный Колледж Лайт Академия
ru	УЧРЕЖДЕНИЕ "РЕСПУБЛИКАНСКИЙ СПОРТИВНЫЙ КОЛЛЕДЖ имени ШЕРАЛЫ СЫДЫКОВА"
ru	СПО ФИЛИАЛ КГТУ ИМ. И.РАЗЗАКОВА Г.КАРА-БАЛТА
ru	КЫРГЫЗСКИЙ МЕДИКО-СОЦИАЛЬНЫЙ КОЛЛЕДЖ "УНИКУМ"
ru	ГУМАНИТАРНО-ТЕХНИЧЕСКИЙ КОЛЛЕДЖ
ru	ГУМАНИТАРНО-ЭКОНОМИЧЕСКИЙ КОЛЛЕДЖ "АБАЙ"
ru	"КЕЙИН" КОЛЛЕДЖ БИЗНЕСА И ЕСТЕСТВЕННЫХ НАУК
ru	МЕДИЦИНСКИЙ КОЛЛЕДЖ имени Н. И. ПИРОГОВА
ru	Инновационный колледж АйТи и Бизнеса
ru	ГОСУДАРСТВЕННОЕ МУЗЫКАЛЬНОЕ УЧИЛИЩЕ имени Ы. ТУМАНОВА ГОРОДА КАРАКОЛ
ru	ПРОФЕССИОНАЛЬНЫЙ ЛИЦЕЙ №87 имени М. МЫРЗАБЕКОВА
ru	Юридическая академия Генеральной прокуратуры Кыргызской Республики
ru	ТОКМОКСКИЙ МЕДИЦИНСКИЙ КОЛЛЕДЖ
ru	ГУМАНИТАРНО-ТЕХНОЛОГИЧЕСКИЙ КОЛЛЕДЖ ОШСКОГО ТЕХНОЛОГИЧЕСКОГО УНИВЕРСИТЕТА имени М.М.АДЫШЕВА
ru	Филиал Кыргызского государственного технического университета имени И.Раззакова в г. Кызыл-Кия Баткенской области
ru	НАРЫНСКИЙ МЕДИЦИНСКИЙ КОЛЛЕДЖ
ru	НАРЫНСКИЙ ПЕДАГОГИЧЕСКИЙ КОЛЛЕДЖ имени К.МАМБЕТАКУНОВА ПРИ НГУ имени С.НААМАТОВА
ru	УЧРЕЖДЕНИЕ "АРАВАНСКИЙ "ДУЛДУЛ ТОО" КОЛЛЕДЖ"
ru	ПРОФЕССИОНАЛЬНЫЙ ЛИЦЕЙ №37
ru	КЫРГЫЗСКО-УЗБЕКСКИЙ МЕЖДУНАРОДНЫЙ УНИВЕРСИТЕТ имени БАТЫРАЛЫ СЫДЫКОВА
ru	ОШСКИЙ МЕДИЦИНСКИЙ КОЛЛЕДЖ
ru	АЛА-БУКИНСКИЙ ПРОФЕССИОНАЛЬНЫЙ КОЛЛЕДЖ КЫРГЫЗСКО-УЗБЕКСКОГО МЕЖДУНАРОДНОГО УНИВЕРСИТЕТА имени. БАТЫРАЛЫ СЫДЫКОВА
ru	ОШСКИЙ СЕЛЬСКОХОЗЯЙСТВЕННЫЙ ТЕХНИКУМ
ru	ОШСКИЙ СТРОИТЕЛЬНЫЙ КОЛЛЕДЖ
ru	ОШСКИЙ МНОГОПРОФИЛЬНЫЙ КОЛЛЕДЖ
ru	ПРОФЕССИОНАЛЬНЫЙ ЛИЦЕЙ №39 имени АКМАТА БЕРДАЛИЕВА
ru	ОШСКОЕ ГОСУДАРСТВЕННОЕ МУЗЫКАЛЬНОЕ УЧИЛИЩЕ имени НИЯЗАЛЫ
ru	УЗГЕНСКИЙ МЕЖДУНАРОДНЫЙ МЕДИЦИНСКИЙ КОЛЛЕДЖ ОШГУ
ru	ПРОФЕССИОНАЛЬНЫЙ ЛИЦЕЙ №36
ru	ПРОФЕССИОНАЛЬНЫЙ ЛИЦЕЙ №4
ru	АГРАРНО-ЭКОНОМИЧЕСКИЙ КОЛЛЕДЖ
ru	ИННОВАЦИОННЫЙ КОЛЛЕДЖ "МУРАС"
ru	ОШСКИЙ РЕГИОНАЛЬНЫЙ МЕДИЦИНСКИЙ КОЛЛЕДЖ
ru	ОСПО ЕВРАЗИЙСКИЙ ИНСТИТУТ ИННОВАЦИОННЫХ ТЕХНОЛОГИЙ
ru	ОТДЕЛЕНИЕ СРЕДНЕГО ПРОФЕССИОНАЛЬНОГО ОБРАЗОВАНИЯ КЫРГЫЗСКОГО АВИАЦИОННОГО ИНСТИТУТА имени ИШЕМБАЯ АБДРАИМОВА
ru	ЖАЛАЛ-АБАДСКИЙ МЕДИЦИНСКИЙ КОЛЛЕДЖ
ru	ЖАЛАЛ-АБАДСКИЙ ТЕХНИКУМ КУЛЬТУРЫ
ru	КОЧКОР-АТИНСКИЙ КОЛЛЕДЖ ЖАГУ ИМ. Б.ОСМОНОВА
ru	МЕДИЦИНСКИЙ КОЛЛЕДЖ ЖАГУ ИМ.Б.ОСМОНОВА
ru	ПЕДАГОГИЧЕСКИЙ, ЭКОНОМИЧЕСКИЙ И ТЕХНИЧЕСКИЙ КОЛЛЕДЖ "НУР"
ru	ЖАЛАЛ-АБАДСКИЙ ГУМАНИТАРНО-ПЕДАГОГИЧЕСКИЙ КОЛЛЕДЖ
ru	КОЧКОР-АТИНСКИЙ РЕГИОНАЛЬНЫЙ КОЛЛЕДЖ
ru	ТАШ-КУМЫРСКИЙ РЕГИОНАЛЬНЫЙ КОЛЛЕДЖ
ru	ЦЕНТРАЛЬНО-АЗИАТСКИЙ КОЛЛЕДЖ
ru	КЫЗЫЛ-КИЙСКИЙ ГОРНО-ТЕХНИЧЕСКИЙ КОЛЛЕДЖ ИННОВАЦИЙ И ЭКОНОМИКИ имени Т.КУЛАТОВА.
ru	КЫЗЫЛ-КИЙСКИЙ МЕДИЦИНСКИЙ КОЛЛЕДЖ
ru	МНОГОПРОФИЛЬНЫЙ КОЛЛЕДЖ БАТГУ
ru	БАТКЕНСКИЙ ГОСУДАРСТВЕННЫЙ УНИВЕРСИТЕТ
ru	БАТКЕНСКИЙ ГОСУДАРСТВЕННЫЙ УНИВЕРСИТЕТ
ru	Колледж Педагогики и коммуникаций  БатГУ
ru	БАТКЕНСКИЙ ПЕДАГОГИЧЕСКИЙ КОЛЛЕДЖ
ru	ПРОФЕССИОНАЛЬНЫЙ ЛИЦЕЙ №40 имени МААДАНБЕКА БАРАШОВА
ru	ЛЕЙЛЕКСКИЙ ФИЛИАЛ МЕЖДУНАРОДНОЙ АКАДЕМИИ УПРАВЛЕНИЯ, ПРАВА, ФИНАНСОВ И БИЗНЕСА
ru	БАЛЫКЧИНСКИЙ КОЛЛЕДЖ ПРИ КГТУ ИМ. И.РАЗЗАКОВА
ru	ХУДОЖЕСТВЕННЫЙ КОЛЛЕДЖ ПРИ НАЦИОНАЛЬНОЙ АКАДЕМИИ ХУДОЖЕСТВ КЫРГЫЗСКОЙ РЕСПУБЛИКИ имени АКАДЕМИКА ТУРГУНБАЯ САДЫКОВА
ru	КАРАКОЛЬСКИЙ МЕДИЦИНСКИЙ КОЛЛЕДЖ имени АКАДЕМИКА И.АХУНБАЕВА
ru	КОЛЛЕДЖ ИССЫК-КУЛЬСКОГО ГОСУДАРСТВЕННОГО УНИВЕРСИТЕТА имени КАСЫМА ТЫНЫСТАНОВА
ru	ПРОФЕССИОНАЛЬНЫЙ ЛИЦЕЙ №45 имени Т.ТОКТОНАЛИЕВА
ru	КАРАКОЛЬСКИЙ ПЕДАГОГИЧЕСКИЙ КОЛЛЕДЖ ИМ. И.БИЙБОСУНОВА
ru	ПРОФЕССИОНАЛЬНЫЙ ЛИЦЕЙ №46
ru	ПРОФЕССИОНАЛЬНЫЙ ЛИЦЕЙ №49 имени А.ТОКТОНАЛИЕВА
ru	ПРОФЕССИОНАЛЬНЫЙ ЛИЦЕЙ №5
ru	ПРОФЕССИОНАЛЬНЫЙ ЛИЦЕЙ №51
ru	ПРОФЕССИОНАЛЬНЫЙ ЛИЦЕЙ №52
ru	ПРОФЕССИОНАЛЬНЫЙ ЛИЦЕЙ №53
ru	ПРОФЕССИОНАЛЬНЫЙ ЛИЦЕЙ №54 имени Э. АБДЫРАИМОВА
ru	ПРОФЕССИОНАЛЬНЫЙ ЛИЦЕЙ №57
ru	ПРОФЕССИОНАЛЬНЫЙ ЛИЦЕЙ №59
ru	ПРОФЕССИОНАЛЬНЫЙ ЛИЦЕЙ №6
ru	ПРОФЕССИОНАЛЬНЫЙ ЛИЦЕЙ №60
ru	ПРОФЕССИОНАЛЬНЫЙ ЛИЦЕЙ №61
ru	ПРОФЕССИОНАЛЬНЫЙ ЛИЦЕЙ №63
ru	ПРОФЕССИОНАЛЬНЫЙ ЛИЦЕЙ №65
ru	ПРОФЕССИОНАЛЬНЫЙ ЛИЦЕЙ №67 имени ЖУМАША РАИМКУЛОВА
ru	ПРОФЕССИОНАЛЬНЫЙ ЛИЦЕЙ №68
ru	ТОКМОКСКИЙ КОЛЛЕДЖ КЫРГЫЗСКОГО НАЦИОНАЛЬНОГО АГРАРНОГО УНИВЕРСИТЕТА имени К.И.СКРЯБИНА
ru	КЫРГЫЗСКО-УЗБЕКСКИЙ МЕЖДУНАРОДНЫЙ УНИВЕРСИТЕТ имени БАТЫРАЛЫ СЫДЫКОВА
ru	МЕДИЦИНСКОЕ УЧИЛИЩЕ ПРИ КЫРГЫЗСКОЙ МЕДИЦИНСКОЙ АКАДЕМИИ ИМ. И.К. АХУНБАЕВА
ru	КЫРГЫЗСКИЙ ГОСУДАРСТВЕННЫЙ УНИВЕРСИТЕТ ИМЕНИ И. АРАБАЕВА ОТДЕЛЕНИЕ СРЕДНЕ-ПРОФЕССИОНАЛЬНОГО ОБРАЗОВАНИЯ ИНСТИТУТ НОВЫХ ИНФОРМАЦИОННЫХ ТЕХНОЛОГИЙ
ru	ТЕОЛОГИЧЕСКИЙ КОЛЛЕДЖ КГУ ИМ. И. АРАБАЕВА
ru	КЫРГЫЗСКО-ТУРЕЦКИЙ УНИВЕРСИТЕТ "МАНАС"
ru	Отделение среднего профессионального образования института Экономики и менеджмента
ru	ИННОВАЦИОННЫЙ КОЛЛЕДЖ ПРИ АМЕРИКАНСКОМ УНИВЕРСИТЕТЕ В ЦЕНТРАЛЬНОЙ АЗИИ
ru	ИНДУСТРИАЛЬНО-ПЕДАГОГИЧЕСКИЙ КОЛЛЕДЖ ОШГУ
ru	ГУМАНИТАРНО-ПЕДАГОГИЧЕСКИЙ КОЛЛЕДЖ КГУ ИМ. И. АРАБАЕВА
ru	ПРОФЕССИОНАЛЬНЫЙ ЛИЦЕЙ №70
ru	ФИНАНСОВО-ЮРИДИЧЕСКИЙ КОЛЛЕДЖ ОШГУ
ru	КОЛЛЕДЖ МЕЖДУНАРОДНЫХ ОБРАЗОВАТЕЛЬНЫХ ПРОГРАММ ОШСКОГО ГОСУДАРСТВЕННОГО УНИВЕРСИТЕТА
ru	ИННОВАЦИОННЫЙ КОЛЛЕДЖ STEM ОШГУ
ru	АКСЫЙСКИЙ КОЛЛЕДЖ имени ТУРСУНБЕКА БЕКБОЛОТОВА ЖАЛАЛ-АБАДСКОГО ГОСУДАРСТВЕННОГО УНИВЕРСИТЕТА имени БЕКМАМАТА ОСМОНОВА
ru	КАРА-КУЛЬСКИЙ КОЛЛЕДЖ ЖАЛАЛ-АБАДСКОГО ГОСУДАРСТВЕННОГО УНИВЕРСИТЕТА имени Б.ОСМОНОВА
ru	ПРОФЕССИОНАЛЬНЫЙ ЛИЦЕЙ №71
ru	ИННОВАЦИОННЫЙ КОЛЛЕДЖ ПРИ АУЦА
ru	ПРОФЕССИОНАЛЬНЫЙ ЛИЦЕЙ №43 имени Б. С. ШАРШЕНБАЕВА ПРИ КЫРГЫЗСКОМ ГОСУДАРСТВЕННОМ ТЕХНИЧЕСКОМ УНИВЕРСИТЕТЕ имени И. РАЗЗАКОВА
ru	КЫРГЫЗСКО-КИТАЙСКИЙ ФАКУЛЬТЕТ ОШГУ
ru	ПРОФЕССИОНАЛЬНЫЙ КОЛЛЕДЖ ИСИТО
ru	МЕДИЦИНСКИЙ КОЛЛЕДЖ ИСИТО
ru	ЧУЙСКИЙ ПРОФЕССИОНАЛЬНЫЙ КОЛЛЕДЖ ИСИТО
ru	ПРОФЕССИОНАЛЬНЫЙ ЛИЦЕЙ №73
ru	ПРОФЕССИОНАЛЬНЫЙ ЛИЦЕЙ № 75
ru	КЫЗЫЛ-КИЙСКИЙ ИНДУСТРИАЛЬНО-ПЕДАГОГИЧЕСКИЙ КОЛЛЕДЖ
ru	ТОКТОГУЛЬСКИЙ ПРОФЕССИОНАЛЬНЫЙ КОЛЛЕДЖ ИСИТО
ru	МЕЖДУНАРОДНЫЙ МЕДИЦИНСКИЙ КОЛЛЕДЖ МЕЖДУНАРОДНОГО УНИВЕРСИТЕТА ИМ. К.Ш. ТОКТОМАМАТОВА
ru	СУЛЮКТИНСКИЙ ПЕДАГОГИЧЕСКИЙ КОЛЛЕДЖ БАТКЕНСКОГО ГОСУДАРСТВЕННОГО УНИВЕРСИТЕТА
ru	СРЕДНЕЕ ПРОФЕССИОНАЛЬНОЕ ОБРАЗОВАНИЕ "ИНСТИТУТА ЭКОНОМИКИ И ФИНАНСОВ"
ru	ПРОФЕССИОНАЛЬНЫЙ ЛИЦЕЙ №76
ru	ОСПО ИНСТИТУТА ЯПОНОВЕДЕНИЯ КГУ ИМ. И.АРАБАЕВА
ru	МЕДИЦИНСКИЙ КОЛЛЕДЖ ОШГУ
ru	СРЕДНЕЕ ПРОФЕССИОНАЛЬНОЕ ОБРАЗОВАНИЕ "МЕЖДУНАРОДНОГО УНИВЕРСИТЕТА "АЛА-ТОО"
ru	ПРОФЕССИОНАЛЬНЫЙ ЛИЦЕЙ № 77
ru	ТАЛАССКИЙ ПРОФЕССИОНАЛЬНЫЙ КОЛЛЕДЖ ИСИТО
ru	ТЕОЛОГИЧЕСКИЙ ФАКУЛЬТЕТ ОШГУ
ru	ГУМАНИТАРНЫЙ ИНСТИТУТ АРАШАН ОШГУ
ru	УЧРЕЖДЕНИЕ СРЕДНЕГО ПРОФЕССИАНАЛЬНОГО ОБРАЗОВАНИЯ "КОМПАС КОЛЛЕДЖ"
ru	БИШКЕКСКИЙ ФИНАНСОВО-ЭКОНОМИЧЕСКИЙ ТЕХНИКУМ имени А. ТОКТОНАЛИЕВА НАУЧНО-ИССЛЕДОВАТЕЛЬСКОГО УНИВЕРСИТЕТА "КЫРГЫЗСКИЙ ЭКОНОМИЧЕСКИЙ УНИВЕРСИТЕТ имени МУСЫ РЫСКУЛБЕКОВА"
ru	МЕЖДУНАРОДНЫЙ КЫРГЫЗСКО-ТУРЕЦКИЙ КОЛЛЕДЖ МНУ ИМ. К.Ш.ТОКТОМАМАТОВА
ru	ПРОФЕССИОНАЛЬНЫЙ ЛИЦЕЙ №81
ru	ЕВРАЗИЙСКАЯ ШКОЛА УПРАВЛЕНИЯ
ru	УЧРЕЖДЕНИЕ "БИШКЕКСКИЙ ИННОВАЦИОННЫЙ КОЛЛЕДЖ"
ru	ПРОФЕССИОНАЛЬНЫЙ ЛИЦЕЙ №82 имени Ж. ШАРШЕМБИЕВА
ru	КАРАКОЛЬСКИЙ ФИЛИАЛ МОСКОВСКОГО ИНСТИТУТА ПРЕДПРИНИМАТЕЛЬСТВА И ПРАВА
ru	САЛЫМБЕКОВ УНИВЕРСИТЕТ
ru	ОБЩЕСТВО С ОГРАНИЧЕННОЙ ОТВЕТСТВЕННОСТЬЮ "АРАВАНСКИЙ "ДУЛДУЛ ТОО" КОЛЛЕДЖ"
ru	КОЛЛЕДЖ АКАДЕМИИ ЦИФРОВЫХ ИННОВАЦИЙ
ru	УЧРЕЖДЕНИЕ "МЕЖДУНАРОДНЫЙ ЕВРОПЕЙСКИЙ УНИВЕРСИТЕТ"
ru	ОБРАЗОВАТЕЛЬНОЕ УЧРЕЖДЕНИЕ СРЕДНЕГО ПРОФЕССИОНАЛЬНОГО ОБРАЗОВАНИЯ "МЕДИКО-ФАРМАЦЕВТИЧЕСКИЙ КОЛЛЕДЖ №1"
ru	КОЛЛЕДЖ "ИНОСТРАННЫЕ ЯЗЫКИ И ПРОГРАММИРОВАНИЕ КОМПЬЮТЕРНЫХ СИСТЕМ" НАРЫНСКОГО ГОСУДАРСТВЕННОГО УНИВЕРСИТЕТА имени С.НААМАТОВА
ru	УЗГЕНСКИЙ МЕЖДУНАРОДНЫЙ МЕДИЦИНСКИЙ КОЛЛЕДЖ ОШСКОГО ГОСУДАРСТВЕННОГО УНИВЕРСИТЕТА
ru	ОСПО ИНСТИТУТА МИРОВЫХ ЯЗЫКОВ И МЕЖДУНАРОДНЫХ ОТНОШЕНИЙ КГУ ИМ. И. АРАБАЕВА
ru	КОЛЛЕДЖ ФИЗИЧЕСКОЙ КУЛЬТУРЫ КГУ ИМ. И. АРАБАЕВА
ru	Отделение средне– профессионального образования института истории и социально–правового образования имени Э. Ж. Маанаева
ru	ОБРАЗОВАТЕЛЬНОЕ УЧРЕЖДЕНИЕ "РОЭЛЬ МЕТРОПОЛИТЕН УНИВЕРСИТЕТ"
ru	Горно-технологический колледж Кыргызского государственного технического университета им. И. Раззакова
ru	МЕДИЦИНСКИЙ КОЛЛЕДЖ МЕЖДУНАРОДНОЙ ВЫСШЕЙ ШКОЛЫ МЕДИЦИНЫ (МВШМ)
ru	СПО "ИНСТИТУТ ШЕЛКОВОГО ПУТИ" ПРИ ХЭНАНЬСКОМ УНИВЕРСИТЕТЕ КИТАЯ И КНУ ИМ. Ж. БАЛАСАГЫНА
ru	ПРОФЕССИОНАЛЬНЫЙ ЛИЦЕЙ №85
ru	ПРОФЕССИОНАЛЬНЫЙ ЛИЦЕЙ №86
ru	ПРОФЕССИОНАЛЬНЫЙ ЛИЦЕЙ №97 ЖЕЛЕЗНОДОРОЖНИКОВ
ru	ПРОФЕССИОНАЛЬНЫЙ ЛИЦЕЙ №2 имени ЖАМАНГУЛА ТОЙГОНБАЕВА
ru	ПРОФЕССИОНАЛЬНЫЙ ЛИЦЕЙ №56
ru	ПРОФЕССИОНАЛЬНЫЙ ЛИЦЕЙ №17
ru	ПРОФЕССИОНАЛЬНЫЙ ЛИЦЕЙ №93
ru	ПРОФЕССИОНАЛЬНЫЙ ЛИЦЕЙ №30 имени Б. ЖАКЫПОВА
ru	ПРОФЕССИОНАЛЬНЫЙ ЛИЦЕЙ №91 имени ИЛЬЯСА КАСЕНДЕЕВА
ru	ПРОФЕССИОНАЛЬНЫЙ ЛИЦЕЙ №10 имени С.ЧОКМОРОВА
ru	ПРОФЕССИОНАЛЬНЫЙ ЛИЦЕЙ №94
ru	ПРОФЕССИОНАЛЬНЫЙ ЛИЦЕЙ №109 имени АМАНТУРА КАРАКОЗУЕВА
ru	ПРОФЕССИОНАЛЬНЫЙ ЛИЦЕЙ №90
ru	ПРОФЕССИОНАЛЬНЫЙ ЛИЦЕЙ №113 имени Т. АЛТЫБАЕВА
ru	ПРОФЕССИОНАЛЬНЫЙ ЛИЦЕЙ №32 имени У.ИМАНАЛИЕВА
ru	ПРОФЕССИОНАЛЬНЫЙ ЛИЦЕЙ №114
ru	ПРОФЕССИОНАЛЬНЫЙ ЛИЦЕЙ №3
ru	ПРОФЕССИОНАЛЬНЫЙ ЛИЦЕЙ №55
ru	ПРОФЕССИОНАЛЬНЫЙ ЛИЦЕЙ №108
ru	ПРОФЕССИОНАЛЬНЫЙ ЛИЦЕЙ №89
ru	ПРОФЕССИОНАЛЬНЫЙ ЛИЦЕЙ №47
ru	СПО МЕЖДУНАРОДНОЙ ШКОЛЫ МЕДИЦИНЫ МУК
ru	КЫРГЫЗСКО-УЗБЕКСКИЙ ПРОФЕССИОНАЛЬНЫЙ ЛИЦЕЙ
ru	УЧРЕЖДЕНИЕ "ЦЕНТРАЛЬНО АЗИАТСКИЙ МЕЖДУНАРОДНЫЙ МЕДИЦИНСКИЙ УНИВЕРСИТЕТ"
ru	КОЛЛЕДЖ ОШСКОГО ГОСУДАРСТВЕННОГО ПЕДАГОГИЧЕСКОГО УНИВЕРСИТЕТА ИМЕНИ А.Ж. МЫРСАБЕКОВА
ru	ЭКОНОМИКО-ЮРИДИЧЕСКИЙ КОЛЛЕДЖ ЖАГУ ИМ. Б. ОСМОНОВА
ru	СРЕДНЕЕ ПРОФЕССИОНАЛЬНОЕ ОБРАЗОВАНИЕ "МЕЖДУНАРОДНОГО МЕТА-НАУЧНОГО УНИВЕРСИТЕТА"
ru	ОТДЕЛЕНИЕ СРЕДНЕГО ПРОФЕССИОНАЛЬНОГО ОБРАЗОВАНИЯ КЫРГЫЗСКО-КИТАЙСКОГО ИНСТИТУТА
ru	СРЕДНЕЕ ПРОФЕССИОНАЛЬНОЕ ОБРАЗОВАНИЕ АКАДЕМИИ ГОСУДАРСТВЕННОГО УПРАВЛЕНИЯ ПРИ ПРЕЗИДЕНТЕ КЫРГЫЗСКОЙ РЕСПУБЛИКИ имени ЖУСУПА АБДРАХМАНОВА
ru	КЫЗЫЛ-КИЙСКИЙ ГУМАНИТАРНО-ПЕДАГОГИЧЕСКИЙ ИНСТИТУТ БАТКЕНСКОГО ГОСУДАРСТВЕННОГО УНИВЕРСИТЕТА
ru	ФИЛИАЛ ИМЕНИ АКАДЕМИКА Х.А. РАХМАТУЛИНА КЫРГЫЗСКОГО ГОСУДАРСТВЕННОГО ТЕХНИЧЕСКОГО УНИВЕРСИТЕТА ИМЕНИ И. РАЗЗАКОВА В ГОРОДЕ ТОКМОК ЧУЙСКОЙ ОБЛАСТИ
ru	СУЛЮКТИНСКОГО ГУМАНИТАРНО-ЭКОНОМИЧЕСКОГО ИНСТИТУТА БАТКЕНСКОГО ГОСУДАРСТВЕННОГО УНИВЕРСИТЕТА
ru	БАТКЕНСКИЙ ГОСУДАРСТВЕННЫЙ УНИВЕРСИТЕТ
ru	КЫЗЫЛ-КИЙСКИЙ ИНСТИТУТ ТЕХНОЛОГИИ, ЭКОНОМИКИ И ПРАВА
ru	ОБЩЕСТВО С ОГРАНИЧЕННОЙ ОТВЕТСТВЕННОСТЬЮ "МЕЖДУНАРОДНЫЙ УНИВЕРСИТЕТ АЛЬТАМИМИ"
ru	УЧРЕЖДЕНИЕ МЕЖДУНАРОДНЫЙ ЕВРОПЕЙСКИЙ УНИВЕРСИТЕТ
ru	КЫРГЫЗСКИЙ НАЦИОНАЛЬНЫЙ УНИВЕРСИТЕТ имени ЖУСУПА БАЛАСАГЫНА
ru	ОШСКИЙ ТЕХНОЛОГИЧЕСКИЙ УНИВЕРСИТЕТ имени М.М.АДЫШЕВА
ru	КЫРГЫЗСКИЙ НАЦИОНАЛЬНЫЙ АГРАРНЫЙ УНИВЕРСИТЕТ имени К.И. СКРЯБИНА
ru	МЕЖГОСУДАРСТВЕННАЯ ОБРАЗОВАТЕЛЬНАЯ ОРГАНИЗАЦИЯ ВЫСШЕГО ОБРАЗОВАНИЯ КЫРГЫЗСКО-РОССИЙСКИЙ СЛАВЯНСКИЙ УНИВЕРСИТЕТ имени ПЕРВОГО ПРЕЗИДЕНТА РОССИЙСКОЙ ФЕДЕРАЦИИ Б.Н. ЕЛЬЦИНА
ru	НЕКОММЕРЧЕСКОЕ ОБРАЗОВАТЕЛЬНОЕ УЧРЕЖДЕНИЕ «УЧЕБНО-НАУЧНО-ПРОИЗВОДСТВЕННЫЙ КОМПЛЕКС «МЕЖДУНАРОДНЫЙ УНИВЕРСИТЕТ КЫРГЫЗСТАНА»
ru	АГРОТЕХНИЧЕСКИЙ КОЛЛЕДЖ имени СУЛТАНА ИБРАИМОВА ПРИ КЫРГЫЗСКОМ НАЦИОНАЛЬНОМ АГРАРНОМ УНИВЕРСИТЕТЕ ИМЕНИ К.И. СКРЯБИНА
ru	ТЕХНИКО-ЭКОНОМИЧЕСКИЙ КОЛЛЕДЖ ПРИ КЫРГЫЗСКОГО НАЦИОНАЛЬНОГО АГРАРНОГО УНИВЕРСИТЕТА имени. К.И. СКРЯБИНА
ru	ПРОФЕССИОНАЛЬНЫЙ ЛИЦЕЙ КОММУНИКАЦИЙ И ИНФОРМАЦИОННЫХ ТЕХНОЛОГИЙ №98
ru	НЕКОММЕРЧЕСКОЕ ОБРАЗОВАТЕЛЬНОЕ УЧРЕЖДЕНИЕ "ЕВРАЗИЙСКИЙ УНИВЕРСИТЕТ"
ru	МЕЖДУНАРОДНАЯ ВЫСШАЯ ШКОЛА МЕДИЦИНЫ
ru	АЗИАТСКИЙ УНИВЕРСИТЕТ ДРУЖБЫ НАРОДОВ
ru	ПРОФЕССИОНАЛЬНЫЙ КОЛЛЕДЖ ПРОФСОЮЗОВ
ru	ПРОФЕССИОНАЛЬНЫЙ ЛИЦЕЙ №26 имени А. ОМУРАЛИЕВА
ru	КОЛЛЕДЖ ЭКОНОМИКИ, ДИЗАЙНА И ИНФОРМАЦИОННЫХ СИСТЕМ
ru	Международный Кувейтский университет Отделение среднего профессионального образования
ru	ОТДЕЛЕНИЕ СРЕДНЕГО ПРОФЕССИОНАЛЬНОГО ОБРАЗОВАНИЯ ФИЛИАЛА ИМ.АКАДЕМИКА ХА.РАХМАТУЛИНА КГТУ ИМ.И.РАЗЗАКОВА Г.ТОКМОК ЧУЙСКОЙ ОБЛАСТИ
ru	КЫРГЫЗСКОЕ ГОСУДАРСТВЕННОЕ ХУДОЖЕСТВЕННОЕ УЧИЛИЩЕ имени С.А.ЧУЙКОВА
ru	ПРОФЕССИОНАЛЬНЫЙ ЛИЦЕЙ ИНФОРМАЦИОННЫХ ТЕХНОЛОГИЙ №99 ПРИ ПРЕЗИДЕНТЕ КЫРГЫЗСКОЙ РЕСПУБЛИКИ
ru	АГРАРНЫЙ ТЕХНИКО-ЭКОНОМИЧЕСКИЙ КОЛЛЕДЖ НАРЫНСКОГО ГОСУДАРСТВЕННОГО УНИВЕРСИТЕТА имени С. НААМАТОВА
ru	ОТДЕЛЕНИЕ СРЕДНЕГО ПРОФЕССИОНАЛЬНОГО ОБРАЗОВАНИЯ ГУМАНИТАРНО-ЕСТЕСТВЕННО НАУЧНЫЙ ФАКУЛЬТЕТ КНУ ИМ. Ж.БАЛАСАГЫНА Г. ОШ
ru	ЖАЛАЛ-АБАДСКИЙ КОЛЛЕДЖ ЖАЛАЛ-АБАДСКОГО ГОСУДАРСТВЕННОГО УНИВЕРСИТЕТА имени Б. ОСМОНОВА
ru	ИССЫК-КУЛЬСКИЙ ИНДУСТРИАЛЬНО-ПЕДАГОГИЧЕСКИЙ КОЛЛЕДЖ
ru	ОТДЕЛЕНИЕ СРЕДНЕГО ПРОФЕССИОНАЛЬНОГО ОБРАЗОВАНИЯ ГУМАНИТАРНО-ЕСТЕСТВЕННО НАУЧНЫЙ ФАКУЛЬТЕТ КНУ ИМ. Ж.БАЛАСАГЫНА Г. КАРАКОЛ
ru	МАЙЛУУ-СУУЙСКИЙ МЕДИЦИНСКИЙ КОЛЛЕДЖ
ru	БИШКЕКСКОЕ ХОРЕОГРАФИЧЕСКОЕ УЧИЛИЩЕ имени ЧОЛПОНБЕКА БАЗАРБАЕВА
ru	ГУМАНИТАРНО-ЭКОНОМИЧЕСКИЙ КОЛЛЕДЖ МЕЖДУНАРОДНОГО УНИВЕРСИТЕТА имени К.Ш. ТОКТОМАМАТОВА
ru	ПРОФЕССИОНАЛЬНЫЙ ЛИЦЕЙ №8 имени Н.МУСАЕВА
ru	МЕДИЦИНСКИЙ КОЛЛЕДЖ АЗИАТСКОГО МЕДИЦИНСКОГО ИНСТИТУТА имени С. ТЕНТИШЕВА
ru	ОТДЕЛЕНИЕ СРЕДНЕГО ПРОФЕССИОНАЛЬНОГО ОБРАЗОВАНИЯ ГУМАНИТАРНО-ЕСТЕСТВЕННО НАУЧНЫЙ ФАКУЛЬТЕТ КНУ ИМ. Ж.БАЛАСАГЫНА Г. ТАЛАС
ru	ОСПО ПО ИНФОРМАЦИОННЫМ ТЕХНОЛОГИЯМ (IT) ПРИ КНАУ ИМ.К.И.СКРЯБИНА
ru	АКАДЕМИЯ ГОСУДАРСТВЕННОГО УПРАВЛЕНИЯ ПРИ ПРЕЗИДЕНТЕ КЫРГЫЗСКОЙ РЕСПУБЛИКИ имени ЖУСУПА АБДРАХМАНОВА
ru	Г.КАРА-КУЛЬ ФИЛИАЛ КГТУ ИМ. И.РАЗЗАКОВА СРЕДНЕЕ ПРОФЕССИОНАЛЬНОЕ ОБРАЗОВАНИЕ (КОЛЛЕДЖ)
ru	МЕЖГОСУДАРСТВЕННАЯ ОБРАЗОВАТЕЛЬНАЯ ОРГАНИЗАЦИЯ ВЫСШЕГО ОБРАЗОВАНИЯ КЫРГЫЗСКО-РОССИЙСКИЙ СЛАВЯНСКИЙ УНИВЕРСИТЕТ ИМЕНИ ПЕРВОГО ПРЕЗИДЕНТА РОССИЙСКОЙ ФЕДЕРАЦИИ Б.Н.ЕЛЬЦИНА КОЛЛЕДЖ
ru	УЧРЕЖДЕНИЕ «НАУЧНО-ИССЛЕДОВАТЕЛЬСКИЙ ИНСТИТУТ ИННОВАЦИОННОЙ ЭКОНОМИКИ ИМЕНИ ШАЙЛОБЕКА МУСАКОЖОЕВА ПРИ НАУЧНО-ИССЛЕДОВАТЕЛЬСКОМ УНИВЕРСИТЕТЕ «КЫРГЫЗСКИЙ ЭКОНОМИЧЕСКИЙ УНИВЕРСИТЕТ ИМЕНИ МУСЫ РЫСКУЛБЕКОВА»
ru	ПРОФЕССИОНАЛЬНЫЙ ЛИЦЕЙ №106 имени Д. ШОПОКОВА
ru	ПРОФЕССИОНАЛЬНЫЙ ЛИЦЕЙ №12 ОШСКОГО ГОСУДАРСТВЕННОГО УНИВЕРСИТЕТА
ru	МЕЖДУНАРОДНЫЙ УЗГЕНСКИЙ ИНСТИТУТ ТЕХНОЛОГИИ И ОБРАЗОВАНИЯ имени АКАДЕМИКА Б.МУРЗУБРАИМОВА ОШСКОГО ТЕХНОЛОГИЧЕСКОГО УНИВЕРСИТЕТА
ru	УЧРЕЖДЕНИЕ "МАЙЛУУ-СУУЙСКИЙ КОЛЛЕДЖ ЖАЛАЛ-АБАДСКОГО ГОСУДАРСТВЕННОГО УНИВЕРСИТЕТА имени Б. ОСМОНОВА"
ru	ОТДЕЛЕНИЕ СРЕДНЕГО-ПРОФЕССИОНАЛЬНОГО ОБРАЗОВАНИЯ СУЛЮКТИНСКОГО ГУМАНИТАРНО-ЭКОНОМИЧЕСКОГО ИНСТИТУТА имени А.А.МАШРАБОВА БАТКЕНСКОГО ГОСУДАРСТВЕННОГО УНИВЕРСИТЕТА
ru	МЕДИЦИНСКИЙ КОЛЛЕДЖ ВЫСШЕГО ПРОФЕССИОНАЛЬНОГО ОБРАЗОВАТЕЛЬНОГО УЧРЕЖДЕНИЯ "МЕЖДУНАРОДНЫЙ УНИВЕРСИТЕТ НАУКИ И БИЗНЕСА"
ru	Общество с ограниченной ответственностью "Университет Южной Азии"
ru	ОТДЕЛЕНИЕ СРЕДНЕГО ПРОФЕССИОНАЛЬНОГО ОБРАЗОВАНИЯ ТАЛАССКОГО ГОСУДАРСТВЕННОГО УНИВЕРСИТЕТА
ky	№44 КЕСИПТИК ЛИЦЕЙИ
ky	К.ОСМОНБЕКОВ атындагы №41 КЕСИПТИК ЛИЦЕЙИ
ky	№42 КЕСИПТИК ЛИЦЕЙИ
ky	ББМ ОКББ "ЫСЫК-КӨЛ МЕДИЦИНАЛЫК-СТОМАТОЛОГИЯЛЫК КОЛЛЕДЖИ"
ky	БҮБҮСАРА БЕЙШЕНАЛИЕВА АТЫНДАГЫ КЫРГЫЗ УЛУТТУК МАДАНИЯТ ЖАНА ИСКУССТВО УНИВЕРСИТЕТИ
ky	КЫРГЫЗ РЕСПУБЛИКАСЫНЫН КУРАЛДУУ КҮЧТƟРҮНҮН СОВЕТТЕР СОЮЗУНУН БААТЫРЫ ГЕНЕРАЛ-ЛЕЙТЕНАНТ К.ҮСЕНБЕКОВ атындагы АСКЕР ИНСТИТУТУ
ky	БОРБОРДУК АЗИЯДАГЫ АМЕРИКА УНИВЕРСИТЕТИ
ky	ЕВРАЗИЯЛЫК ИННОВАЦИЯЛЫК ТЕХНОЛОГИЯЛАР ИНСТИТУТУ
ky	КЫРГЫЗ РЕСПУБЛИКАСЫНЫН АКАДЕМИК Т.САДЫКОВ атындагы УЛУТТУК КОРКОМ СҮРОТ АКАДЕМИЯСЫ
ky	И.К. АХУНБАЕВ атындагы КЫРГЫЗ МАМЛЕКЕТТИК МЕДИЦИНАЛЫК АКАДЕМИЯСЫ
ky	КЫРГЫЗ РЕСПУБЛИКАСЫНЫН ТЫШКЫ ИШТЕР МИНИСТРЛИГИНИН КАЗЫ ДИКАМБАЕВ атындагы ДИПЛОМАТИЯЛЫК АКАДЕМИЯ
ky	КЫРГЫЗ РЕСПУБЛИКАСЫНЫН ИИМДИН МИЛИЦИЯНЫН ГЕНЕРАЛ-МАЙОРУ Э.А. АЛИЕВ атындагы АКАДЕМИЯСЫ
ky	АНАДОЛУ КЫРГЫЗ-ТҮРК КЕСИПТИК КЫЗДАР ЛИЦЕЙИ
ky	ЭЛ АРАЛЫК МЕДИЦИНА ЖАНА ИЛИМ УНИВЕРСИТЕТИ
ky	КЫРГЫЗ МЕДИКО-СТОМАТОЛОГИЯЛЫК ИНСТИТУТУ (КМСИ)
ky	И. РАЗЗАКОВ атындагы КЫРГЫЗ МАМЛЕКЕТТИК ТЕХНИКАЛЫК УНИВЕРСИТЕТИ
ky	№48 КЕСИПТИК ЛИЦЕЙИ
ky	И. АРАБАЕВ атындагы КЫРГЫЗ МАМЛЕКЕТТИК УНИВЕРСИТЕТИ
ky	Б.Т.ТУРУСБЕКОВ атындагы КЫРГЫЗ МАМЛЕКЕТТИК ДЕНЕ ТАРБИЯ ЖАНА СПОРТ АКАДЕМИЯСЫ
ky	№28 КЫРГЫЗ-РОССИЯЛЫК КЕСИПТИК ЛИЦЕЙИ
ky	ТУРИЗМ АКАДЕМИЯСЫ
ky	ОШ ЭЛ АРАЛЫК МЕДИЦИНАЛЫК УНИВЕРСИТЕТИ
ky	"Ислам академиясы" мекемеси
ky	К. МОЛДОБАСАНОВ атындагы КЫРГЫЗ УЛУТТУК КОНСЕРВАТОРИЯСЫ
ky	ЖУСУП БАЛАСАГЫН атындагы КЫРГЫЗ УЛУТТУК УНИВЕРСИТЕТИ
ky	КЫРГЫЗ-ТҮРК "МАНАС" УНИВЕРСИТЕТИ
ky	"КЫРГЫЗ РЕСПУБЛИКАСЫНЫН ЭЛ АРАЛЫК УНИВЕРСИТЕТИ" мекемеси
ky	"МУСА РЫСКУЛБЕКОВ атындагы КЫРГЫЗ ЭКОНОМИКАЛЫК УНИВЕРСИТЕТИ" ИЛИМИЙ ИЗИЛДӨӨ УНИВЕРСИТЕТИ
ky	Б.ОСМОНОВ атындагы ЖАЛАЛ-АБАД МАМЛЕКЕТТИК УНИВЕРСИТЕТИ
ky	САНАРИПТИК ИННОВАЦИЯЛЫК АКАДЕМИЯСЫ
ky	"АЛА-ТОО" ЭЛ АРАЛЫК УНИВЕРСИТЕТИ
ky	ЭЛ АРАЛЫК ИННОВАЦИЯЛЫК ТЕХНОЛОГИЯЛАР УНИВЕРСИТЕТИ
ky	ЭЛ АРАЛЫК ИЛИМ ЖАНА БИЗНЕС УНИВЕРСИТЕТИ
ky	БАТЫРАЛЫ СЫДЫКОВ атындагы КЫРГЫЗ-ѲЗБЕК ЭЛ АРАЛЫК УНИВЕРСИТЕТИ
ky	№58 КЕСИПТИК ЛИЦЕЙИ
ky	С. МАМБЕТКАЛИЕВ атындагы ЧҮЙ УНИВЕРСИТЕТИ
ky	КАСЫМ ТЫНЫСТАНОВ атындагы ЫСЫК-КӨЛ МАМЛЕКЕТТИК УНИВЕРСИТЕТИ
ky	А.Ж. МЫРСАБЕКОВ атындагы ОШ МАМЛЕКЕТТИК ПЕДАГОГИКАЛЫК УНИВЕРСИТЕТИ
ky	С. НААМАТОВ атындагы НАРЫН МАМЛЕКЕТТИК УНИВЕРСИТЕТИ
ky	БОРБОРДУК АЗИЯ УНИВЕРСИТЕТИ
ky	КЫРГЫЗ-РОССИЯ БИЛИМ БЕРҮҮ АКАДЕМИЯСЫ (Институт)
ky	КУЛНАЗАР ТАШИЕВ атындагы №62 КЕСИПТИК ЛИЦЕЙИ
ky	"ОШ АГРАРДЫК-ЭКОНОМИКАЛЫК ИНСТИТУТУ " МЕКЕМЕСИ
ky	ОШ МАМЛЕКЕТТИК УНИВЕРСИТЕТИ
ky	БАТКЕН МАМЛЕКЕТТИК УНИВЕРСИТЕТИ
ky	ТАЛАС МАМЛЕКЕТТИК УНИВЕРСИТЕТИ
ky	КЫРГЫЗСТАН ИСЛАМ УНИВЕРСИТЕТИ
ky	Ишембай АБДРАИМОВ атындагы КЫРГЫЗ АВИАЦИЯЛЫК ИНСТИТУТУ
ky	БОРБОРДУК АЗИЯДАГЫ ЭЛ АРАЛЫК УНИВЕРСИТЕТ
ky	ЭКОНОМИКА ЖАНА ФИНАНСЫ ИНСТИТУТУ
ky	"КЕЙИН ИНТЕРНЕЙШНЛ ИНСТИТУТ" БИЛИМ БЕРУУ МЕКЕМЕСИ
ky	"БОРБОРДУК АЗИЯДАГЫ КОРЕЙ ИНСТИТУТУ" Коммерциялык эмес билим берүү мекемеси
ky	КЫРГЫЗ-ГЕРМАН КОЛДОНМО ИНФОРМАТИКА ИНСТИТУТУ
ky	№7 КЕСИПТИК ЛИЦЕЙИ
ky	№72 КЕСИПТИК ЛИЦЕЙИ
ky	ТИЛДЕРДИН ЖАНА МАДАНИЯТТЫН КЫРГЫЗ ИНСТИТУТУ БИЛИМ БЕРУУ МЕКЕМЕСИ
ky	ЭЛ АРАЛЫК КУВЕЙТ УНИВЕРСИТЕТИ
ky	КЫРГЫЗ-КАЗАК УНИВЕРСИТЕТИ
ky	ЭЛ АРАЛЫК МЕДИЦИНАЛЫК УНИВЕРСИТЕТИ
ky	К. Ш.ТОКТОМАМАТОВ атындагы ЭЛ АРАЛЫК УНИВЕРСИТЕТ
ky	ИННОВАЦИЯЛЫК ТЕХНОЛОГИЯЛАР ЖАНА ЭНЕРГЕТИКА ИНСТИТУТУ
ky	"Авиценна" эл аралык медициналык университети жогорку кесиптик билим берүү мекемеси
ky	САЛЫМБЕКОВ УНИВЕРСИТЕТИ
ky	АДАМ УНИВЕРСИТЕТИ
ky	Ш.МУСАКОЖОЕВ ТЫНДАГЫ ИННОВАЦИЯЛАР АКАДЕМИЯСЫ
ky	БИЛИМ БЕРҮҮДӨГҮ ЗАМАНБАП ИНФОРМАЦИЯЛЫК ТЕХНОЛОГИЯЛАР ИНСТИТУТУ
ky	№16 КЕСИПТИК ЛИЦЕЙИ
ky	№18 КЕСИПТИК ЛИЦЕЙИ
ky	НАРЫН ШААРЫНДАГЫ Ж. БАЛАСАГЫН атындагы КУУНУН ЧѲЛКѲМДѲРДѲГҮ ГУМАНИТАРДЫК - ТАБИГЫЙ ИЛИМДЕР ФАКУЛЬТЕТИНИН ОРТО КЕСИПТИК БИЛИМ БЕРҮҮ БӨЛҮМҮ
ky	С. ТЕНТИШЕВ атындагы АЗИЯЛЫК МЕДИЦИНА ИНСТИТУТУ
ky	ЭМГЕК ЖАНА СОЦИАЛДЫК МАМИЛЕЛЕР АКАДЕМИЯСЫ
ky	ТАЛАС АГРАРДЫК-ЭКОНОМИКАЛЫК КОЛЛЕДЖИ
ky	КЫРГЫЗ-ӨЗБЕК ЭЛ АРАЛЫК ПЕДАГОГИКАЛЫК ИНСТИТУТУ
ky	№102 КЕСИПТИК ЛИЦЕЙИ
ky	№105 КЕСИПТИК ЛИЦЕЙИ
ky	ЗАМАНБАП ЭЛ АРАЛЫК УНИВЕРСИТЕТ
ky	№110 КЕСИПТИК ЛИЦЕЙИ
ky	ЭЛ АРАЛЫК ЕВРАЗИЯЛЫК УНИВЕРСИТЕТ
ky	№111 КЕСИПТИК ЛИЦЕЙИ
ky	"БИШКЕКТЕГИ ЕККУ АКАДЕМИЯСЫ" КООМДУК ФОНДУ
ky	БИШКЕК ЭЛ АРАЛЫК МЕДИЦИНА ИНСТИТУТУ
ky	"ЭЛ АРАЛЫК МЕТА-ИЛИМ УНИВЕРСИТЕТИ БИЛИМ БЕРҮҮ" МЕКЕМЕСИ
ky	№112 КЕСИПТИК ЛИЦЕЙИ
ky	ИННОВАЦИЯЛЫК КЕСИПТЕР ИНСТИТУТУ
ky	№115 КЕСИПТИК ЛИЦЕЙИ
ky	"АВИЦЕННА БИЛИМ" ЭЛ АРАЛЫК УНИВЕРСИТЕТИ БИЛИМ БЕРУУ МЕКЕМЕСИ
ky	КЫРГЫЗ ЭЛ АРАЛЫК УНИВЕРСИТЕТ НРЗ
ky	Ч. ТҮЛӨБЕРДИЕВ атындагы №13 КЕСИПТИК ЛИЦЕЙИ
ky	ЭЛ АРАЛЫК БАШКАРУУ, УКУК, КАРЖЫ ЖАНА БИЗНЕС АКАДЕМИЯСЫ
ky	К. ДЮШЕЕВ атындагы №14 КЕСИПТИК ЛИЦЕЙИ
ky	Ж.ТОЙГОМБАЕВ атындагы №15 КЕСИПТИК ЛИЦЕЙИ
ky	"Жалал-Абад эл аралык университети" мекемеси
ky	ТАЛАС МЕДИЦИНАЛЫК КОЛЛЕДЖИ
ky	№19 КЕСИПТИК ЛИЦЕЙИ
ky	№69 КЕСИПТИК ЛИЦЕЙИ
ky	№100 КЕСИПТИК ЛИЦЕЙИ
ky	АКАДЕМИК КУСЕИН КАРАСАЕВ атындагы БИШКЕК МАМЛЕКЕТТИК УНИВЕРСИТЕТИ
ky	И.РАЗЗАКОВ атындагы КЫРГЫЗ МАМЛЕКЕТТИК ТЕХНИКАЛЫК УНИВЕРСИТЕТИНИН БИШКЕК ТЕХНИКАЛЫК КОЛЛЕДЖИ
ky	C.ТУРСУНОВ атындагы БИШКЕК АГРОЭКОНОМИКАЛЫК КОЛЛЕДЖИ
ky	№20 КЕСИПТИК ЛИЦЕЙИ
ky	ЧУЙ УНИВЕРСИТЕТИНИН АЛДЫНДАГЫ БИШКЕК КОЛЛЕДЖИ
ky	А.МОЛДОГАЗИЕВ атындагы БИШКЕК МЕДИЦИНАЛЫК КОЛЛЕДЖИ
ky	ТАШТАН ЭРМАТОВ атындагы БИШКЕК МУЗЫКАЛЫК-ПЕДАГОГИКАЛЫК ИСТИТУТУ
ky	ТУРИЗМ АКАДЕМИЯСЫНЫН КОЛЛЕДЖИ
ky	АКАДЕМИК КУСЕИН КАРАСАЕВ атындагы БИШКЕК МАМЛЕКЕТТИК УНИВЕРСИТЕТИ
ky	Ж.БАЛАСАГЫН атындагы КУУнун КЕСИПТИК КОЛЛЕДЖИ
ky	А.Д. БАЛТАГУЛОВА атындагы №21 КЕСИПТИК ЛИЦЕЙИ
ky	КЫРГЫЗ ТОО-КЕН ЭНЕРГОТЕХНОЛОГИЯЛЫК КОЛЛЕДЖИ
ky	Муратаалы Күрөңкеев атындагы Кыргыз улуттук музыкалык окуу жайы
ky	И. РАЗЗАКОВ атындагы КЫРГЫЗ МАМЛЕКЕТТИК ТЕХНИКАЛЫК УНИВЕРСИТЕТИНИН ПОЛИТЕХНИКАЛЫК КОЛЛЕДЖИ
ky	ТАШТАНБЕК ИБРАЕВ атындагы № 22 КЕСИПТИК ЛИЦЕЙИ
ky	Кыргыз Республикасынын Эл аралык унивеситетинин Политехникалык колледжи
ky	№23 КЕСИПТИК ЛИЦЕЙИ
ky	ЗАМАНБАП ЭЛ АРАЛЫК УНИВЕРСИТЕТТИН КОЛЛЕДЖИ
ky	К.КӨЛБАЕВ атындагы БИШКЕК АВТОМОБИЛЬ-ЖОЛ КОЛЛЕДЖИ
ky	БИШКЕКТЕГИ КУРУЛУШТАГЫ АРХИТЕКТУРА ЖАНА МЕНЕДЖМЕНТ КОЛЛЕДЖИ
ky	"МУСА РЫСКУЛБЕКОВ атындагы КЫРГЫЗ ЭКОНОМИКАЛЫК УНИВЕРСИТЕТИ" ИЛИМИЙ ИЗИЛДӨӨ УНИВЕРСИТЕТИ
ky	"КЫРГЫЗСТАН ЭЛ АРАЛЫК УНИВЕРСИТЕТИ" ОКУУ-ИЛИМИЙ ӨНДҮРҮШТҮК КОМПЛЕКСИ КОММЕРЦИЯЛЫК ЭМЕС БИЛИМ БЕРҮҮЧҮ МЕКЕМЕСИ
ky	КЫРГЫЗ-КАЗАК УНИВЕРСИТЕТИНИН КОЛЛЕДЖИ
ky	№27 КЕСИПТИК ЛИЦЕЙИ
ky	№29 КЕСИПТИК ЛИЦЕЙИ
ky	БИНЕС ЖАНА СОЦИАЛДЫК ӨНҮКТҮРҮҮ АКАДЕМИЯСЫНЫН СОЦИАЛДЫК-ЭКОНОМИКАЛЫК КОЛЛЕДЖИ
ky	И. РАЗЗАКОВ атындагы КМТУНУН КОББ (КОЛЛЕДЖИ)
ky	№31 КЕСИПТИК ЛИЦЕЙИ
ky	Т. АБДУМОМУНОВ атындагы КУАДТНЫН АЛДЫНДАГЫ ТЕАТРАЛДЫК ОКУУ ЖАЙЫ
ky	ЮРИДИКАЛЫК ЖАНА КЕСИПТИК КОЛЛЕДЖИ КУУ
ky	КЫРГЫЗ-РОССИЯ БИЛИМ БЕРҮҮ АКАДЕМИЯСЫНЫН КОЛЛЕДЖИ
ky	АЗИЯ ИННОВАЦИЯЛЫК КОЛЛЕДЖИ
ky	БИШКЕК ТОО-КЕН ЖАНА ТЕХНИКАЛЫК КОЛЛЕДЖИ
ky	БИШКЕКТЕГИ КӨП ТАРМАКТУУ ТОО КЕН КОЛЛЕДЖИ
ky	БИШКЕКТЕГИ КОМПЬЮТЕРДИК СИСТЕМАЛАР ЖАНА ТЕХНОЛОГИЯЛАР КОЛЛЕДЖИ
ky	БИШКЕК УНИВЕРСАЛДЫК КОЛЛЕДЖИ
ky	ИННОВАЦИЯЛЫК КЕСИПТЕР ИНСТИТУТУ ОКББ (КОЛЛЕДЖ)
ky	ИННОВАЦИЯЛЫК ТЕХНОЛОГИЯЛАР ЖАНА ЭКОНОМИКА КОЛЛЕДЖИ
ky	№25 КЕСИПТИК ЛИЦЕЙИ
ky	№33 КЕСИПТИК ЛИЦЕЙИ
ky	ТЕЛЕКОММУНИКАЦИЯ, ЭКОНОМИКА ЖАНА ИННОВАЦИЯЛЫК КЕСИПТЕР КОЛЛЕДЖИ
ky	К.И. СКРЯБИНА атындагы КУАУ ВЕТЕРИНАРИЯ АДИСТИГИ БОЮНЧА ОРТО КЕСИПТИК БИЛИМ БЕРҮҮ БӨЛҮМҮ
ky	МЕДИЦИНАЛЫК-ФАРМАЦЕВТИКАЛЫК КОЛЛЕДЖИ
ky	"КЫРГЫЗ-КОРЕЙ КОЛЛЕДЖИ" билим берүү мекемеси
ky	"АВИЦЕННА БИЛИМ" ЭЛ АРАЛЫК УНИВЕРСИТЕТИНИН ОРТО КЕСИПТИК БИЛИМ БЕРУУ БОЛУМУ
ky	КЫРГЫЗ ЭЛ АРАЛЫК УНИВЕРСАЛДУУ КОЛЛЕДЖИ
ky	КАРА-БАЛТА МЕДИЦИНАЛЫК КОЛЛЕДЖИ
ky	М.Т. ИБРАГИМОВ атындагы КАРА-БАЛТА ТЕХНИКАЛЫК-ЭКОНОМИКАЛЫК КОЛЛЕДЖИ
ky	№34 КЕСИПТИК ЛИЦЕЙИ
ky	Н. ДАВЛЕСОВ атындагы РЕСПУБЛИКАЛЫК МАДАНИЯТ ЖАНА ИСКУССТВО КОЛЛЕДЖИ
ky	УСӨНБЕК УСУБАЛИЕВ АТЫНДАГЫ ТОКМОК ИНДУСТРИАЛДЫК-ПЕДАГОГИКАЛЫК КОЛЛЕДЖИ
ky	Лайт Академия Инженердик Колледжи
ky	"ШЕРАЛЫ СЫДЫКОВ атындагы РЕСПУБЛИКАЛЫК СПОРТТУК КОЛЛЕДЖ" МЕКЕМЕСИ
ky	КАРА-БАЛТА ШААРЫНДАГЫ И.РАЗЗАКОВ атындагы КМТУНУН ФИЛИАЛЫ ОКБББ
ky	КЫРГЫЗ МЕДИЦИНА-СОЦИАЛДЫК КОЛЛЕДЖИ "УНИКУМ"
ky	ГУМАНИТАРДЫК-ТЕХНИКАЛЫК КОЛЛЕДЖИ
ky	АБАЙ ГУМАНИТАРДЫК ЭКОНОМИКАЛЫК КОЛЛЕДЖИ
ky	"КЕЙИН" БИЗНЕС ЖАНА ТАБИГЫЙ ИЛИМДЕР КОЛЛЕДЖИ
ky	Н.И.ПИРОГОВ атындагы МЕДИЦИНАЛЫК КОЛЛЕДЖИ
ky	АйТи жана Бизнес Инновациялык колледжи
ky	Ы. ТУМАНОВ атындагы КАРАКОЛ МАМЛЕКЕТТИК МУЗЫКАЛЫК ОКУУ ЖАЙЫ
ky	М. МЫРЗАБЕКОВ атындагы №87 КЕСИПТИК ЛИЦЕЙИ
ky	Кыргыз Республикасынын Башкы прокуратурасынын Юридикалык академиясы
ky	ТОКМОК МЕДИЦИНАЛЫК КОЛЛЕДЖИ
ky	М.М.АДЫШЕВ атындагы ОШ ТЕХНОЛОГИЯЛЫК УНИВЕРСИТЕТИНИН ГУМАНИТАРДЫК-ТЕХНОЛОГИЯЛЫК КОЛЛЕДЖИ
ky	Баткен ороонунун Кызыл-Кыя шаарындагы И.Раззаков атындагы Кыргыз мамлекеттик техникалык университетинин филиалы
ky	НАРЫН МЕДИЦИНАЛЫК КОЛЛЕДЖИ
ky	КАДЫРБАЙ МАМБЕТАКУНОВ атындагы НАРЫН ПЕДАГОГИКАЛЫК КОЛЛЕДЖИ
ky	"АРАВАН "ДУЛДУЛ ТОО" КОЛЛЕЖИ" МЕКЕМЕСИ
ky	№37 КЕСИПТИК ЛИЦЕЙИ
ky	БАТЫРАЛЫ СЫДЫКОВ атындагы КЫРГЫЗ-ӨЗБЕК ЭЛ АРАЛЫК УНИВЕРСИТЕТИ
ky	ОШ МЕДИЦИНАЛЫК КОЛЛЕДЖИ
ky	Б.СЫДЫКОВ атындагы КЫРГЫЗ-ӨЗБЕК ЭЛ АРАЛЫК УНИВЕРСИТЕТИНИН АЛА-БУКА КЕСИПТИК КОЛЛЕДЖИ
ky	ОШ АЙЫЛ ЧАРБА ТЕХНИКУМУ
ky	ОШ КУРУЛУШ КОЛЛЕДЖИ
ky	ОШ КӨП ПРОФИЛДҮҮ КОЛЛЕДЖИ
ky	АКМАТ БЕРДАЛИЕВ атындагы №39 КЕСИПТИК ЛИЦЕЙИ
ky	НИЯЗАЛЫ атындагы ОШ МАМЛЕКЕТТИК МУЗЫКАЛЫК ОКУУ ЖАЙЫ
ky	ОШМУНУН ӨЗГӨН ЭЛ АРАЛЫК МЕДИЦИНАЛЫК КОЛЛЕДЖИ
ky	№36 КЕСИПТИК ЛИЦЕЙИ
ky	№4 КЕСИПТИК ЛИЦЕЙИ
ky	АГРАРДЫК- ЭКОНОМИКАЛЫК КОЛЛЕДЖИ
ky	ИННОВАЦИЯЛЫК КОЛЛЕДЖ "МУРАС"
ky	ОШ АЙМАКТЫК МЕДИЦИНАЛЫК КОЛЛЕДЖИ
ky	ОСПО ЕВРАЗИЯЛЫК ИННОВАЦИЯЛЫК ТЕХНОЛОГИЯЛАР ИНСТИТУТУ
ky	ИШЕМБАЙ АБДРАИМОВ атындагы КЫРГЫЗ АВИАЦИЯЛЫК ИНСТИТУТУНУН ОРТО КЕСИПТИК БИЛИМ БЕРҮҮ БӨЛҮМҮ
ky	ЖАЛАЛ-АБАД МЕДИЦИНАЛЫК КОЛЛЕДЖИ
ky	ЖАЛАЛ-АБАД МАДАНИЯТ ТЕХНИКУМУ
ky	Б.ОСМОНОВ АТЫНДАГЫ ЖАМУНУН КОЧКОР-АТА КОЛЛЕДЖИ
ky	Б.ОСМОНОВ атындагы ЖАМУНУН МЕДИЦИНАЛЫК КОЛЛЕДЖИ
ky	ПЕДАГОГИКАЛЫК,ЭКОНОМИКАЛЫК ЖАНА ТЕХНИКАЛЫК КОЛЛЕДЖ "НУР"
ky	ЖАЛАЛ-АБАД ГУМАНИТАРДЫК-ПЕДАГОГИКАЛЫК КОЛЛЕДЖИ
ky	КОЧКОР-АТА АЙМАКТЫК КОЛЛЕДЖИ
ky	ТАШ-КӨМҮР АЙМАКТЫК КОЛЛЕДЖИ
ky	БОРБОРДУК АЗИЯ КОЛЛЕДЖИ
ky	Т. КУЛАТОВ атындагы КЫЗЫЛ-КЫЯ ТОО-ТЕХНИКАЛЫК, ИННОВАЦИЯ ЖАНА ЭКОНОМИКА КОЛЛЕДЖИ.
ky	КЫЗЫЛ-КЫЯ МЕДИЦИНАЛЫК КОЛЛЕДЖИ
ky	БАТМУНУН КӨП ТАРМАКТУУ КОЛЛЕДЖИ
ky	БАТКЕН МАМЛЕКЕТТИК УНИВЕРСИТЕТИ
ky	БАТКЕН МАМЛЕКЕТТИК УНИВЕРСИТЕТИ
ky	Баткен мамлекеттик университетинин Педагогика жана коммуникациялар колледжи
ky	БАТКЕН ПЕДАГОГИКАЛЫК КОЛЛЕДЖИ
ky	МААДАНБЕК БАРАШОВ атындагы №40 КЕСИПТИК ЛИЦЕЙИ
ky	ЭЛ АРАЛЫК БАШКАРУУ, УКУК, ФИНАНСЫ ЖАНА БИЗНЕС АКАДЕМИЯСЫНЫН ЛЕЙЛЕКТЕГИ ФИЛИАЛЫ
ky	И. РАЗЗАКОВ атындагы КМТУНИН АЛДЫНДАГЫ БАЛЫКЧЫ КОЛЛЕДЖИ
ky	АКАДЕМИК ТУРГУНБАЙ САДЫКОВ атындагы КЫРГЫЗ РЕСПУБЛИКАСЫНЫН УЛУТТУК КӨРКӨМ СҮ РӨТ АКАДЕМИЯСЫНА КАРАШТУУ КӨРКӨМ СҮРӨТ КОЛЛЕДЖИ
ky	АКАДЕМИК И.АХУНБАЕВ атындагы КАРАКОЛ МЕДИЦИНАЛЫК КОЛЛЕДЖИ
ky	КАСЫМ ТЫНЫСТАНОВ атындагы ЫСЫК-КӨЛ МАМЛЕКЕТТИК УНИВЕРСИТЕТИНИН КОЛЛЕДЖИ
ky	Т. ТОКТОНАЛИЕВ атындагы №45 КЕСИПТИК ЛИЦЕЙИ
ky	И.БИЙБОСУНОВ атындагы КАРАКОЛ ПЕДАГОГИКАЛЫК КОЛЛЕДЖИ
ky	№46 КЕСИПТИК ЛИЦЕЙИ
ky	А. ТОКТОНАЛИЕВ атындагы №49 КЕСИПТИК ЛИЦЕЙИ
ky	№5 КЕСИПТИК ЛИЦЕЙИ
ky	№51 КЕСИПТИК ЛИЦЕЙИ
ky	№52 КЕСИПТИК ЛИЦЕЙИ
ky	№53 КЕСИПТИК ЛИЦЕЙИ
ky	Э. АБДЫРАИМОВ атындагы №54-КЕСИПТИК ЛИЦЕЙИ
ky	№57 КЕСИПТИК ЛИЦЕЙИ
ky	№59 КЕСИПТИК ЛИЦЕЙИ
ky	№6 КЕСИПТИК ЛИЦЕЙИ
ky	№60 КЕСИПТИК ЛИЦЕЙИ
ky	№61 КЕСИПТИК ЛИЦЕЙИ
ky	№63 КЕСИПТИК ЛИЦЕЙИ
ky	№65 КЕСИПТИК ЛИЦЕЙИ
ky	ЖУМАШ РАИМКУЛОВ атындагы №67 КЕСИПТИК ЛИЦЕЙИ
ky	№68 КЕСИПТИК ЛИЦЕЙИ
ky	К.И.СКРЯБИН атындагы КЫРГЫЗ УЛУТТУК АГРАРДЫК УНИВЕРСИТЕТИНИН ТОКМОКТОГУ КОЛЛЕДЖИ
ky	Б.СЫДЫКОВ атындагы КЫРГЫЗ-ϴЗБЕК ЭЛ АРАЛЫК УНИВЕРСИТЕТИ
ky	КЫРГЫЗ МАМЛЕКЕТТИК МЕДИЦИНАЛЫК АКАДЕМИЯСЫНЫН АЛДЫНДАГЫ МЕДИЦИНАЛЫК ОРТО ОКУУ ЖАЙЫ
ky	И.АРАБАЕВ АТЫНДАГЫ КЫРГЫЗ МАМЛЕКЕТТИК УНИВЕРСИТЕТИ, ЖАҢЫ МААЛЫМАТТЫК ИНФОРМАЦИЯЛЫК ТЕХНОЛОГИЯЛАР ИНСТИТУТУНУН ОРТО КЕСИПТИК БИЛИМ БЕРҮҮ БӨЛҮМҮ
ky	И.АРАБАЕВ атындагы КМУНУН ТЕОЛОГИЯЛЫК КОЛЛЕДЖИ
ky	КЫРГЫЗ-ТҮРК "МАНАС" УНИВЕРСИТЕТИ
ky	И.Арабаев атындагы КМУнун Экономика жана менеджмент институтунун орто кесиптик билим берүү бөлүмү
ky	БОРБОРДУК АЗИЯДАГЫ АМЕРИКА УНИВЕРСИТЕТИНИН АЛДЫНДАГЫ ИННОВАЦИЯЛЫК КОЛЛЕДЖИ
ky	ОШМУНУН ИНДУСТРИАЛДЫК– ПЕДАГОГИКАЛЫК КОЛЛЕДЖИ
ky	И. АРАБАЕВ атындагы КМУНУН ПЕДАГОГИКАЛЫК КОЛЛЕДЖИ
ky	№70 КЕСИПТИК ЛИЦЕЙИ
ky	ОШМУНУН ФИНАНСЫ-ЮРИДИКАЛЫК КОЛЛЕДЖИ
ky	ОШМУНУН ЭЛ АРАЛЫК БИЛИМ БЕРҮҮ ПРОГРАММАЛАРЫ КОЛЛЕДЖИ
ky	ОШМУНУН STEM ИННОВАЦИЯЛЫК КОЛЛЕДЖИ
ky	БЕКМАМАТ ОСМОНОВ атындагы ЖАЛАЛ-АБАД МАМЛЕКЕТТИК УНИВЕРСИТЕТИНИН ТУРСУНБЕК БЕКБОЛОТОВ атындагы АКСЫ КОЛЛЕДЖИ
ky	Б.ОСМОНОВ атындагы ЖАЛАЛ-АБАД МАМЛЕКЕТТИК УНИВЕРСИТЕТИНИН КАРА-КӨЛ КОЛЛЕДЖИ
ky	№71 КЕСИПТИК ЛИЦЕЙИ
ky	БААУНИН ИННОВАЦИЯЛЫК КОЛЛЕДЖИ
ky	И. РАЗЗАКОВ атындагы КЫРГЫЗ МАМЛЕКЕТТИК ТЕХНИКАЛЫК УНИВЕРСИТЕТИНИН алдындагы Б.С. ШАРШЕНБАЕВ атындагы №43 КЕСИПТИК ЛИЦЕЙИ
ky	ОШГУНУН КЫРГЫЗ-КЫТАЙ ФАКУЛЬТЕТИ
ky	БИЛИМ БЕРҮҮДӨГҮ ЗАМАНБАП ИНФОРМАЦИЯЛЫК ТЕХНОЛОГИЯЛАР ИНСТИТУТУ
ky	БИЛИМ БЕРҮҮДӨГҮ ЗАМАНБАП ИНФОРМАЦИЯЛЫК ТЕХНОЛОГИЯЛАР ИНСТИТУТУ
ky	БИЛИМ БЕРҮҮДӨГҮ ЗАМАНБАП ИНФОРМАЦИЯЛЫК ТЕХНОЛОГИЯЛАР ИНСТИТУТУ
ky	№73 КЕСИПТИК ЛИЦЕЙИ
ky	№75 КЕСИПТИК ЛИЦЕЙИ
ky	КЫЗЫЛ-КЫЯ ИНДУСТРИАЛДЫК-ПЕДАГОГИКАЛЫК КОЛЛЕДЖИ
ky	БИЛИМ БЕРҮҮДӨГҮ ЗАМАНБАП ИНФОРМАЦИЯЛЫК ТЕХНОЛОГИЯЛАР ИНСТИТУТУ
ky	К.Ш.ТОКТОМАМАТОВ атындагы ЭЛ АРАЛЫК УНИВЕРСИТЕТИНИН МЕДИЦИНАЛЫК КОЛЛЕДЖИ
ky	А.МЫРСАБЕКОВ атындагы ОШ МАМЛЕКЕТТИК ПЕДАГОГИКАЛЫК УНИВЕРСИТЕТИНИН КОЛЛЕДЖИ
ky	ЭКОНОМИКА ЖАНА ФИНАНСЫ ИНСТИТУНУН "ОКББ" БОЛУМУ
ky	№76 КЕСИПТИК ЛИЦЕЙИ
ky	И. АРАБАЕВ атындагы КМУун КОББбөлүмүнүн Япон таануу институту
ky	ОШМУНУН МЕДИЦИНАЛЫК КОЛЛЕДЖИ
ky	"АЛА-ТОО" ЭЛ АРАЛЫК УНИВЕРСИТЕТИ" ОРТО КЕСИПТИК БИЛИМ БЕРҮҮ БӨЛҮМҮ
ky	№77 КЕСИПТИК ЛИЦЕЙИ
ky	БИЛИМ БЕРҮҮДӨГҮ ЗАМАНБАП ИНФОРМАЦИЯЛЫК ТЕХНОЛОГИЯЛАР ИНСТИТУТУ
ky	ОШМУНУН ТЕОЛОГИЯ ФАКУЛЬТЕТИ
ky	ОШМУНУН АРАШАН ГУМАНИТАРДЫК ИНСТИТУТУ
ky	"КОМПАС КОЛЛЕДЖИ" ОРТО КЕСИПТИК БИЛИМ БЕРҮҮ МЕКЕМЕСИ
ky	«МУСА РЫСКУЛБЕКОВ атындагы КЫРГЫЗ ЭКОНОМИКАЛЫК УНИВЕСИТЕТИ» ИЛИМИЙ ИЗИЛДӨӨ УНИВЕРСИТЕТИНИН МЕКЕМЕСИ БИШКЕКТЕГИ А. ТОКТОНАЛИЕВ атындагы ФИНАНСЫ-ЭКОНОМИКАЛЫК ТЕХНИКУМУ
ky	К.Ш.ТОКТОМАМАТОВ атындагы ЭЛ АРАЛЫК УНИВЕРСИТЕТИНИН ЭЛ АРАЛЫК КЫРГЫЗ- ТҮРК КОЛЛЕДЖИ
ky	№81 КЕСИПТИК ЛИЦЕЙИ
ky	ЕВРАЗИЯЛЫК БАШКАРУУ МЕКТЕБИ
ky	"БИШКЕК ИННОВАЦИЯЛЫК КОЛЛЕДЖИ" МЕКЕМЕСИ
ky	Ж. ШАРШЕМБИЕВ атындагы №82 КЕСИПТИК ЛИЦЕЙИ
ky	МОСКВАДАГЫ ИШКЕРДҮҮЛҮК ЖАНА УКУК ИНСТИТУТУНУН КАРАКОЛДОГУ ФИЛИАЛЫ
ky	САЛЫМБЕКОВ УНИВЕРСИТЕТ
ky	БИ-СТИМ КОЛЛЕДЖ ЖООПКЕРЧИЛИГИ ЧЕКТЕЛГЕН КООМУ
ky	САНАРИПТИК ИННОВАЦИЯЛЫК АКАДЕМИЯСЫНЫН КОЛЛЕДЖИ
ky	"ОШ ЭЛ-АРАЛЫК МЕДИЦИНАЛЫК УНИВЕРСИТЕТИ" МЕКЕМЕСИ
ky	"№ 1 МЕДИКО-ФАРМАЦЕВТИКАЛЫК КОЛЛЕДЖ" ОРТО КЕСИПТИК БИЛИМ БЕРҮҮ МЕКЕМЕСИ
ky	С. НААМАТОВ атындагы НМУНУН АЛДЫНДАГЫ "ЧЕТ ТИЛДЕРИ ЖАНА КОМПЬЮТЕРДИК СИСТЕМАЛАРДЫ ПРГРАММАЛОО КОЛЛЕДЖИ""
ky	"АВИЦЕННА" ЭЛАРАЛЫК МЕДИЦИНАЛЫК УНИВЕРСИТЕТИНИН КОЛЛЕДЖИ
ky	И. Арабаев атындагы КМУНУН ДҮЙНӨЛҮК ТИЛДЕР ЖАНА ЭЛ АРАЛЫК МАМИЛЕЛЕР ИНСТИТУТУ
ky	И.АРАБАЕВ атындагы КМУНУН ДЕНЕ ТАРБИЯ КОЛЛЕДЖИ
ky	Э. Ж. Маанаев атындагы тарых жана социалдык-укуктук билим берүү институтунун орто  кесиптик билим берүү бөлүмү
ky	"РОЭЛЬ МЕТРОПОЛИТЕН УНИВЕРСИТЕТ" БИЛИМ БЕРҮҮ МЕКЕМЕСИ
ky	И. Раззаков атындагы Кыргыз мамлекеттик техникалык университетинин Тоо-кен технологиялык колледжи
ky	ЭЛ АРАЛЫК ЖОГОРКУ МЕДИЦИНАЛЫК МЕКТЕПТИН МЕДИЦИНАЛЫК КОЛЛЕДЖИ
ky	КЫТАЙ ХЭНАНЬ УНИВЕРСИТЕТИНДЕ ЖАНА КУУДА «ЖИБЕК ЖОЛУ ИНСТИТУТУ» СПО.
ky	№85 КЕСИПТИК ЛИЦЕЙИ
ky	ИНСАН КОЛЛЕДЖ МЕКЕМЕСИ
ky	№86 КЕСИПТИК ЛИЦЕЙИ
ky	№97 ТЕМИР ЖОЛЧУЛАР КЕСИПТИК ЛИЦЕЙИ
ky	ЖАМАНГУЛ ТОЙГОНБАЕВ атындагы №2 КЕСИПТИК ЛИЦЕЙИ
ky	№56 КЕСИПТИК ЛИЦЕЙИ
ky	№17 КЕСИПТИК ЛИЦЕЙИ
ky	№93 КЕСИПТИК ЛИЦЕЙИ
ky	Б. ЖАКЫПОВ атындагы №30 КЕСИПТИК ЛИЦЕЙИ
ky	ИЛЬЯС КАСЕНДЕЕВ атындагы №91 КЕСИПТИК ЛИЦЕЙИ
ky	С. ЧОКМОРОВ атындагы №10 КЕСИПТИК ЛИЦЕЙИ
ky	№94 КЕСИПТИК ЛИЦЕЙИ
ky	АМАНТУР КАРАКОЗУЕВ атындагы №109 КЕСИПТИК ЛИЦЕЙИ
ky	№90 КЕСИПТИК ЛИЦЕЙИ
ky	Т. АЛТЫБАЕВ атындагы №113 КЕСИПТИК ЛИЦЕЙИ
ky	У.ИМАНАЛИЕВ атындагы №32 КЕСИПТИК ЛИЦЕЙИ
ky	№114 КЕСИПТИК ЛИЦЕЙИ
ky	№3 КЕСИПТИК ЛИЦЕЙИ
ky	№55 КЕСИПТИК ЛИЦЕЙИ
ky	№108 КЕСИПТИК ЛИЦЕЙИ
ky	№89 КЕСИПТИК ЛИЦЕЙИ
ky	№47 КЕСИПТИК ЛИЦЕЙИ
ky	ЭЛ АРАЛЫК МЕДИЦИНА МЕКТЕБИ КЭАУ
ky	КЫРГЫЗ-ӨЗБЕК КЕСИПТИК ЛИЦЕЙИ
ky	"БОРБОР АЗИЯ ЭЛ АРАЛЫК МЕДИЦИНАЛЫК УНИВЕРСИТЕТИ" МЕКЕМЕСИ
ky	А.Ж. МЫРСАБЕКОВ АТЫНДАГЫ ОШ МАМЛЕКЕТТИК ПЕДАГОГИКАЛЫК УНИВЕРСИТЕТИНИН КОЛЛЕДЖИ
ky	Б.ОСМОНОВ атындагы ЖАМУНУН ЭКОНОМИКА-ЮРИДИКАЛЫК КОЛЛЕДЖИ
ky	ОРТО КЕСИПТИК БИЛИМ БЕРҮҮ "ЭЛ АРАЛЫК МЕТА-ИЛИМ УНИВЕРСИТЕТИ" МЕКЕМЕСИ
ky	КЫРГЫЗ-КЫТАЙ ИНСТИТУТУНУН ОРТО КЕСИПТИК БИЛИМ БЕРҮҮ БӨЛҮМҮ
ky	КЫРГЫЗ РЕСПУБЛИКАСЫНЫН ПРЕЗИДЕНТИНЕ КАРАШТУУ ЖУСУП АБДРАХМАНОВ АТЫНДАГЫ МАМЛЕКЕТТИК БАШКАРУУ АКАДЕМИЯСЫ ОРТО КЕСИПТИК БИЛИМ БЕРҮҮ
ky	БАТКЕН МАМЛЕКЕТТИК УНИВЕРСИТЕТИНИН КЫЗЫЛ-КЫЯ ГУМАНИТАРДЫК-ПЕДАГОГИКАЛЫК ИНСТИТУТУ
ky	И. РАЗЗАКОВ АТЫНДАГЫ КЫРГЫЗ МАМЛЕКЕТТИК ТЕХНИКАЛЫК УНИВЕРСИТЕТИНИН ЧҮЙ ОБЛАСТЫНЫН ТОКМОК ШААРЫНДАГЫ Х.А.РАХМАТУЛИН АТЫНДАГЫ ФИЛИАЛЫ
ky	БАТКЕН МАМЛЕКЕТТИК УНИВЕРСИТЕТИНИН СҮЛҮКТҮ ГУМАНИТАРДЫК-ЭКОНОМИКАЛЫК ИНСТИТУТУНУН
ky	БАТКЕН МАМЛЕКЕТТИК УНИВЕРСИТЕТИ
ky	КЫЗЫЛ-КЫЯ ТЕХНОЛОГИЯ, ЭКОНОМИКА ЖАНА УКУК ИНСТИТУТУ
ky	"АЛЬТАМИМИ ЭЛ АРАЛЫК УНИВЕРСИТЕТИ" ЖООПКЕРЧИЛИГИ ЧЕКТЕЛГЕН КООМУ
ky	ЭЛ АРАЛЫК ЕВРОПА УНИВЕРСИТЕТ МЕКЕМЕСИ
ky	М-Е "КЫРГЫЗ РЕСПУБЛИКАСЫНЫН БИЛИМ БЕРҮҮ ЖАНА ИЛИМ МИНИСТЕРЛИГИ"
ky	ЖУСУП БАЛАСАГЫН атындагы КЫРГЫЗ УЛУТТУК УНИВЕРСИТЕТИ
ky	М.М. АДЫШЕВ атындагы ОШ ТЕХНОЛОГИЯЛЫК УНИВЕРСИТЕТИ
ky	К.И. СКРЯБИН атындагы КЫРГЫЗ УЛУТТУК АГРАРДЫК УНИВЕРСИТЕТИ
ky	РОССИЯ ФЕДЕРАЦИЯСЫНЫН БИРИНЧИ ПРЕЗИДЕНТИ Б.Н. ЕЛЬЦИН атындагы КЫРГЫЗ-РОССИЯ СЛАВЯН УНИВЕРСИТЕТИ МАМЛЕКЕТТЕР АРАЛЫК ЖОГОРКУ БИЛИМ БЕРҮҮ УЮМУ
ky	«КЫРГЫЗСТАН ЭЛ АРАЛЫК УНИВЕРСИТЕТИ» ОКУУ-ИЛИМИЙ-ӨНДҮРҮШТҮК КОМПЛЕКСИ» КОММЕРЦИЯЛЫК ЭМЕС БИЛИМ БЕРҮҮЧҮ МЕКЕМЕСИ
ky	К.И. СКРЯБИН атындагы  КЫРГЫЗ УЛУТТУК АГРАРДЫК УНИВЕРСИТЕТИНЕ КАРАШТУУ СУЛТАН ИБРАИМОВ АТЫНДАГЫ АГРОТЕХНИКАЛЫК КОЛЛЕДЖИ
ky	К.И. СКРЯБИН атындагы  КЫРГЫЗ УЛУТТУК АГРАРДЫК УНИВЕРСИТЕТИНИН АЛДЫНДАГЫ ТЕХНИКА-ЭКОНОМИКАЛЫК КОЛЛЕДЖИ
ky	№98 БАЙЛАНЫШ ЖАНА МААЛЫМАТ ТЕХНОЛОГИЯЛАР КЕСИПТИК ЛИЦЕЙИ
ky	"ЕВРАЗИЯЛЫК УНИВЕРСИТЕТ" КОММЕРЦИЯЛЫК ЭМЕС БИЛИМ БЕРҮҮ МЕКЕМЕСИ
ky	ЭЛ АРАЛЫК ЖОГОРКУ МЕДИЦИНАЛЫК МЕКТЕБИ
ky	АЗИЯЛЫК ЭЛДЕРДИН ДОСТУГУ УНИВЕРСИТЕТИ
ky	КЕСИПТИК БИРЛИКТЕР КЕСИП КОЛЛЕДЖИ
ky	А.ӨМҮРАЛИЕВ атындагы № 26 КЕСИПТИК ЛИЦЕЙИ
ky	ЭКОНОМИКА, ДИЗАЙН ЖАНА ИНФОРМАЦИЯЛЫК СИСТЕМАЛАР КОЛЛЕДЖИ
ky	ЭЛ АРАЛЫК КУВЕЙТ УНИВЕРСИТЕТИНИН  КЕСИПТИК ОРТО  БИЛИМ БЕРҮҮ БӨЛҮМҮ
ky	И. РАЗЗАКОВ АТЫНДАГЫ КМТУНУН Х.А. РАХМАТУЛИН АТЫНДАГЫ  ЧҮЙ ОБЛАСТЫНЫН ТОКМОК ШААРЫНДАГЫ ФИЛИАЛЫНЫН ОРТО КЕСИПТИК БИЛИМ БЕРҮҮ БӨЛҮМҮ
ky	С.А. ЧУЙКОВ атындагы КЫРГЫЗ МАМЛЕКЕТТИК КӨРКӨМ СҮРӨТ ОКУУ ЖАЙЫ
ky	КЫРГЫЗ РЕСПУБЛИКАСЫНЫН ПРЕЗИДЕНТИНЕ КАРАШТУУ №99 МААЛЫМАТТЫК ТЕХНОЛОГИЯЛАР КЕСИПТИК ЛИЦЕЙИ
ky	С. НААМАТОВ атындагы НАРЫН МАМЛЕКЕТТИК УНИВЕРСИТЕТИНИН АЛДЫНДАГЫ АГРАРДЫК ТЕХНИКАЛЫК -ЭКОНОМИКАЛЫК КОЛЛЕДЖИ
ky	ОШ ШААРЫНДАГЫ Ж. БАЛАСАГЫН атындагы КУУНУН ГУМАНИТАРДЫК - ТАБИГЫЙ ИЛИМДЕР ФАКУЛЬТЕТИНИН ОРТО КЕСИПТИК БИЛИМ БЕРҮҮ БӨЛҮМҮ
ky	Б.ОСМОНОВ атындагы ЖАЛАЛ-АБАД МАМЛЕКЕТТИК УНИВЕРСИТЕТИНИН ЖАЛАЛ-АБАД КОЛЛЕДЖИ
ky	ЫСЫК-КӨЛ ИНДУСТРИАЛДЫК-ПЕДАГОГИКАЛЫК КОЛЛЕДЖ
ky	КАРАКОЛ ШААРЫНДАГЫ ГУМАНИТАРДЫК - ТАБИГЫЙ ИЛИМДЕР ФАКУЛЬТЕТЕРИНИН ОРТО КЕСИПТИК БИЛИМ БЕРҮҮ БӨЛҮМҮ
ky	МАЙЛУУ-СУУ МЕДИЦИНАЛЫК КОЛЛЕДЖИ
ky	ЧОЛПОНБЕК БАЗАРБАЕВ АТЫНДАГЫ БИШКЕКТЕГИ ХОРЕОГРАФИЯЛЫК ОКУУ ЖАЙЫ
ky	К.Ш.ТОКТОМАМАТОВ атындагы ЭЛ АРАЛЫК УНИВЕРСИТЕТИНИН ГУМАНИТАРДЫК-ЭКОНОМИКАЛЫК КОЛЛЕДЖИ
ky	Н.МУСАЕВ атындагы №8 КЕСИПТИК ЛИЦЕЙИ
ky	С. ТЕНТИШЕВ атындагы АЗИЯЛЫК МЕДИЦИНА ИНСТИТУТУНУН МЕДИЦИНАЛЫК КОЛЛЕДЖИ
ky	ТАЛАС ШААРЫНДАГЫ Ж. БАЛАСАГЫН атындагы КУУНУН ЧѲЛКѲМДѲРДѲГҮ ГУМАНИТАРДЫК - ТАБИГЫЙ ИЛИМДЕР ФАКУЛЬТЕТИНИН ОРТО КЕСИПТИК БИЛИМ БЕРҮҮ БӨЛҮМҮ
ky	К.И.СКРЯБИН атындагы КУАУНУН АЛДЫНДАГЫ МААЛЫМАТ ТЕХНОЛОГИЯЛАРЫ (IT) ОРТО КЕСИПТИК БИЛИМ БЕРҮҮ БӨЛҮМҮ
ky	КЫРГЫЗ РЕСПУБЛИКАСЫНЫН ПРЕЗИДЕНТИНЕ КАРАШТУУ ЖУСУП АБДРАХМАНОВ атындагы МАМЛЕКЕТТИК БАШКАРУУ АКАДЕМИЯСЫ
ky	И.РАЗЗАКОВ атындагы КЫРГЫЗ МАМЛЕКЕТТИК ТЕХНИКАЛЫК УНИВЕРСИТЕТИНИН ОРТО КЕСИПТИК БИЛИМ БЕРҮҮ БӨЛҮМҮ
ky	РОССИЯ ФЕДЕРАЦИЯСЫНЫН БИРИНЧИ ПРЕЗИДЕНТИ Б.Н.ЕЛЬЦИН АТЫНДАГЫ КЫРГЫЗ-РОССИЯ СЛАВЯН УНИВЕРСИТЕТИ МАМЛЕКЕТТЕР АРАЛЫК ЖОГОРКУ БИЛИМ БЕРҮҮ УЮМУ КОЛЛЕДЖ
ky	«МУСА РЫСКУЛБЕКОВ АТЫНДАГЫ КЫРГЫЗ ЭКОНОМИКАЛЫК УНИВЕРСИТЕТИ» ИЛИМИЙ ИЗИЛДӨӨ УНИВЕРСИТЕТИНЕ КАРАШТУУ МУСАКОЖОЕВ ШАЙЛОБЕКТИН ИННОВАЦИЯЛЫК ЭКОНОМИКА ИЛИМ-ИЗИЛДӨӨ ИНСТИТУТУ» МЕКЕМЕСИ
ky	Д. ШОПОКОВ атындагы №106 КЕСИПТИК ЛИЦЕЙИ
ky	ОШ МАМЛЕКЕТТИК УНИВЕРСИТЕТИНИН №12 КЕСИПТИК ЛИЦЕЙИ
ky	ОШТУНУН АКАДЕМИК Б.МУРЗУБРАИМОВ атындагы ӨЗГӨН ТЕХНОЛОГИЯЛЫК БИЛИМ БЕРҮҮ КОЛЛЕДЖИ
ky	"Б. ОСМОНОВ атындагы ЖАЛАЛ-АБАД МАМЛЕКЕТТИК УНИВЕРСИТЕТИНИН МАЙЛУУ-СУУ КОЛЛЕДЖИ" МЕКЕМЕСИ
ky	БАТКЕН МАМЛЕКЕТТИК УНИВЕРСИТЕТИНИН СҮЛҮКТҮ ГУМАНИТАРДЫК-ЭКОНОМИКАЛЫК ИНСТИТУТУНУН ОРТО КЕСИПТИК БИЛИМ БЕРҮҮ БӨЛҮМҮ
ky	ЭЛ АРАЛЫК ИЛИМ ЖАНА БИЗНЕС УНИВЕРСИТЕТИНИН МЕДИЦИНАЛЫК КОЛЛЕДЖИ
ky	"Түштүк Азия Университети" жоопкерчилиги чектелген коому
ky	ТАЛАС МАМЛЕКЕТТИК УНИВЕРСИТЕТИНИН КЕСИПТИК ОРТО БИЛИМ БЕРҮҮ БӨЛҮМҮ
